side,strategy,reason,signalTime,entryTime,exitTime,entryPrice,exitPrice,quantity,notional,fees,pnl,r,maeR,mfeR,barsHeld,confidence
long,trend,sl,2025-08-31T19:00:00.000Z,2025-08-31T20:00:00.000Z,2025-08-31T23:00:00.000Z,204.581356,201.8919223069049,36.66023212789732,7500,3.0000,-101.5953,-1.0542,-1.6666,0.4331,3,0.5000
short,trend,sl,2025-08-31T23:00:00.000Z,2025-09-01T00:00:00.000Z,2025-09-01T08:00:00.000Z,200.499832,203.32911317476646,37.02648265754611,7423.803552388908,2.9695,-107.7279,-1.0510,-1.4269,1.6544,8,0.5000
short,trend,sl,2025-09-01T11:00:00.000Z,2025-09-01T12:00:00.000Z,2025-09-02T03:00:00.000Z,199.24021000000002,202.78832403253278,36.855048805459916,7343.0076635600835,2.9372,-133.7031,-1.0403,-1.1613,1.4826,15,0.5000
long,trend,sl,2025-09-02T03:00:00.000Z,2025-09-02T04:00:00.000Z,2025-09-02T12:00:00.000Z,201.85053699999997,198.38906706542227,35.881650017031,7242.730324383765,2.8971,-127.1003,-1.0412,-1.3406,0.7435,8,0.5000
long,trend,sl,2025-09-02T13:00:00.000Z,2025-09-02T14:00:00.000Z,2025-09-02T15:00:00.000Z,204.021188,200.181834519567,35.032660753517945,7147.405065733706,2.8590,-137.3617,-1.0375,-1.1540,0.2590,1,0.5000
long,trend,tp,2025-09-02T17:00:00.000Z,2025-09-02T18:00:00.000Z,2025-09-03T01:00:00.000Z,204.801422,211.6854792947953,34.39616629331485,7044.38376821935,2.8178,233.9674,1.6468,-0.3683,1.6823,7,0.5000
long,trend,sl,2025-09-03T03:00:00.000Z,2025-09-03T04:00:00.000Z,2025-09-04T05:00:00.000Z,209.992979,205.94231351403258,34.38143204636499,7219.859337702251,2.8879,-142.1556,-1.0366,-1.1063,0.7313,25,0.5000
short,trend,tp,2025-09-04T06:00:00.000Z,2025-09-04T07:00:00.000Z,2025-09-05T00:00:00.000Z,206.15813400000002,201.66258396290917,34.50381744234103,7113.24261978968,2.8453,152.2683,1.6361,-0.9387,1.9605,17,0.5000
short,trend,sl,2025-09-05T01:00:00.000Z,2025-09-05T02:00:00.000Z,2025-09-05T07:00:00.000Z,203.29899200000003,206.25738495251113,35.55081018473894,7227.443875340762,2.8910,-108.0642,-1.0494,-1.7473,0.3069,5,0.5000
long,trend,sl,2025-09-05T12:00:00.000Z,2025-09-05T13:00:00.000Z,2025-09-05T14:00:00.000Z,209.002682,205.99185487199756,34.19284204423853,7146.395692448215,2.8586,-105.8073,-1.0493,-2.5272,0.3178,1,0.5000
short,trend,sl,2025-09-05T16:00:00.000Z,2025-09-05T17:00:00.000Z,2025-09-07T22:00:00.000Z,203.608899,207.20252809866338,34.708896596080315,7067.0402214327605,2.8268,-127.5577,-1.0407,-1.0707,1.2541,53,0.5000
long,trend,tp,2025-09-07T23:00:00.000Z,2025-09-08T00:00:00.000Z,2025-09-08T09:00:00.000Z,206.36189000000002,209.8659142654232,33.78226441797805,6971.3719337737,2.7885,115.5853,1.6274,-0.3909,2.1538,9,0.5000
long,trend,sl,2025-09-08T20:00:00.000Z,2025-09-08T21:00:00.000Z,2025-09-09T02:00:00.000Z,214.45431699999997,211.26276815384617,32.91172230349516,7058.060927889721,2.8232,-107.8626,-1.0477,-1.1554,0.4174,5,0.5000
long,trend,sl,2025-09-09T10:00:00.000Z,2025-09-09T11:00:00.000Z,2025-09-09T14:00:00.000Z,217.775313,214.7121046912802,32.038360484892806,6977.163982604363,2.7909,-100.9310,-1.0505,-1.5391,0.2383,3,0.5000
long,trend,tp,2025-09-10T03:00:00.000Z,2025-09-10T04:00:00.000Z,2025-09-10T12:00:00.000Z,219.15572699999998,224.28028144309397,31.49114923372853,6901.4657043832685,2.7606,158.6175,1.6382,-0.4572,1.8910,8,0.5000
long,trend,tp,2025-09-10T14:00:00.000Z,2025-09-10T15:00:00.000Z,2025-09-11T12:00:00.000Z,222.70679199999998,228.53458182521862,31.523191471478935,7020.428846214832,2.8082,180.9024,1.6412,-0.6426,1.7340,21,0.5000
long,trend,tp,2025-09-11T12:00:00.000Z,2025-09-11T13:00:00.000Z,2025-09-12T00:00:00.000Z,226.707992,231.88748146167222,31.565299287939954,7156.105618447897,2.8624,160.6297,1.6375,-0.8263,2.6586,11,0.5000
long,trend,tp,2025-09-14T00:00:00.000Z,2025-09-14T01:00:00.000Z,2025-09-14T02:00:00.000Z,243.493026,248.4478791755894,29.884132648730045,7276.5778880246735,2.9106,145.1609,1.6339,-0.2735,1.9062,1,0.5000
long,trend,sl,2025-09-14T04:00:00.000Z,2025-09-14T05:00:00.000Z,2025-09-14T14:00:00.000Z,246.24385099999998,242.64826598703058,29.992418092194264,7385.448531823988,2.9542,-110.7945,-1.0486,-1.3693,0.5695,9,0.5000
short,trend,tp,2025-09-14T20:00:00.000Z,2025-09-14T21:00:00.000Z,2025-09-15T08:00:00.000Z,242.257301,236.01342157953593,30.14296225696903,7302.352680518186,2.9209,185.2881,1.6408,-0.6200,2.7860,11,0.5000
short,trend,sl,2025-09-15T09:00:00.000Z,2025-09-15T10:00:00.000Z,2025-09-16T17:00:00.000Z,235.399359,240.1041082419553,31.61146560724117,7441.318740995117,2.9765,-151.7005,-1.0359,-1.1744,1.1590,31,0.5000
long,trend,sl,2025-09-16T17:00:00.000Z,2025-09-16T18:00:00.000Z,2025-09-17T03:00:00.000Z,238.101409,234.27008671146302,30.774884373881406,7327.543331233245,2.9310,-120.8395,-1.0440,-1.1596,0.2283,9,0.5000
short,trend,sl,2025-09-17T03:00:00.000Z,2025-09-17T04:00:00.000Z,2025-09-17T07:00:00.000Z,233.909806,237.11373302857143,30.938906823394465,7236.913692912276,2.8948,-102.0208,-1.0526,-1.3056,0.2681,3,0.5000
short,trend,sl,2025-09-17T10:00:00.000Z,2025-09-17T11:00:00.000Z,2025-09-17T18:00:00.000Z,233.999779,237.2006310390837,30.600020861344305,7160.398118949956,2.8642,-100.8103,-1.0526,-1.3868,0.6390,7,0.5000
short,trend,sl,2025-09-17T18:00:00.000Z,2025-09-17T19:00:00.000Z,2025-09-17T19:00:00.000Z,233.45994100000001,237.19119114433303,30.346921038315273,7084.7903951367425,2.8339,-116.0659,-1.0449,-1.5109,0.0164,0,0.5000
long,trend,tp,2025-09-17T20:00:00.000Z,2025-09-17T21:00:00.000Z,2025-09-17T22:00:00.000Z,238.02138499999998,244.85815615303827,29.399631436015696,6997.740992889994,2.7991,198.1995,1.6435,-0.5245,1.8475,1,0.5000
long,trend,tp,2025-09-18T06:00:00.000Z,2025-09-18T07:00:00.000Z,2025-09-18T17:00:00.000Z,244.26325699999998,250.8147763870238,29.256920064223618,7146.39058467591,2.8586,188.8187,1.6418,-0.0186,2.3472,10,0.5000
long,trend,sl,2025-09-18T19:00:00.000Z,2025-09-18T20:00:00.000Z,2025-09-19T03:00:00.000Z,248.284463,244.5689828756855,29.353446199146717,7288.004626754533,2.9152,-111.9773,-1.0474,-1.0144,0.2184,7,0.5000
short,trend,tp,2025-09-19T10:00:00.000Z,2025-09-19T11:00:00.000Z,2025-09-19T15:00:00.000Z,242.137337,237.18702957063297,29.75179997092604,7204.0216159167085,2.8816,144.3989,1.6341,-0.1524,2.1707,4,0.5000
short,trend,sl,2025-09-19T21:00:00.000Z,2025-09-19T22:00:00.000Z,2025-09-21T03:00:00.000Z,238.188522,241.40392009339504,30.699719555574433,7312.320826756772,2.9249,-101.6367,-1.0533,-1.1172,0.4959,29,0.5000
long,trend,sl,2025-09-21T03:00:00.000Z,2025-09-21T04:00:00.000Z,2025-09-21T07:00:00.000Z,241.77250999999998,239.6711633969732,29.929346664406456,7236.093265713676,2.8944,-65.7864,-1.0831,-1.2035,0.0000,3,0.5000
long,trend,sl,2025-09-21T07:00:00.000Z,2025-09-21T08:00:00.000Z,2025-09-21T09:00:00.000Z,239.811922,237.8618260177327,29.968291107420075,7186.753489525917,2.8747,-61.3157,-1.0891,-1.4967,0.0895,1,0.5000
short,trend,tp,2025-09-21T09:00:00.000Z,2025-09-21T10:00:00.000Z,2025-09-22T00:00:00.000Z,238.29848900000002,234.9853681882652,29.965639775483684,7140.766680416062,2.8563,96.4235,1.6187,-0.9515,3.5810,14,0.5000
short,trend,tp,2025-09-23T20:00:00.000Z,2025-09-23T21:00:00.000Z,2025-09-24T03:00:00.000Z,215.14543700000002,208.51485199290158,33.52655017728665,7213.084288994764,2.8852,219.4154,1.6450,-0.3606,1.9419,6,0.5000
short,trend,sl,2025-09-24T05:00:00.000Z,2025-09-24T06:00:00.000Z,2025-09-24T14:00:00.000Z,209.607099,214.26339996679334,35.19749989200988,7377.645844417005,2.9511,-166.8412,-1.0323,-1.4248,0.2280,8,0.5000
short,trend,tp,2025-09-25T02:00:00.000Z,2025-09-25T03:00:00.000Z,2025-09-25T04:00:00.000Z,209.857024,203.6435566216351,34.559314707911675,7252.514936081773,2.9010,211.8322,1.6442,-0.0384,1.9359,1,0.5000
short,trend,tp,2025-09-25T14:00:00.000Z,2025-09-25T15:00:00.000Z,2025-09-25T17:00:00.000Z,202.569211,195.2356054686616,36.58694737433785,7411.38906251814,2.9646,265.3497,1.6483,-0.1161,2.0634,2,0.5000
short,trend,tp,2025-09-25T18:00:00.000Z,2025-09-25T19:00:00.000Z,2025-09-26T11:00:00.000Z,199.330183,191.11204127310089,38.17987427186984,7610.401325528807,3.0442,310.7235,1.6505,-0.3021,1.7401,16,0.5000
long,trend,tp,2025-09-26T17:00:00.000Z,2025-09-26T18:00:00.000Z,2025-09-28T22:00:00.000Z,201.310375,209.32952732208506,38.96194579411126,7843.44391854221,3.1374,309.3044,1.6499,-0.7067,1.7811,52,0.5000
long,trend,sl,2025-09-29T05:00:00.000Z,2025-09-29T06:00:00.000Z,2025-09-29T10:00:00.000Z,209.102712,206.739421511322,38.619404510317864,8075.422218932497,3.2302,-94.4990,-1.0633,-1.1962,0.2161,4,0.5000
long,trend,sl,2025-09-29T19:00:00.000Z,2025-09-29T20:00:00.000Z,2025-09-30T05:00:00.000Z,212.853837,209.37053686371027,37.60584282419389,8004.547938748587,3.2018,-134.1943,-1.0433,-1.1735,0.5222,9,0.5000
short,trend,sl,2025-09-30T08:00:00.000Z,2025-09-30T09:00:00.000Z,2025-09-30T21:00:00.000Z,207.587705,210.5592153217058,38.07500182292038,7903.902246290858,3.1616,-116.3018,-1.0503,-1.1251,1.1614,12,0.5000
long,trend,sl,2025-10-01T01:00:00.000Z,2025-10-01T02:00:00.000Z,2025-10-01T03:00:00.000Z,210.573153,207.0341291229308,37.120951880936786,7816.67587993014,3.1267,-134.4986,-1.0421,-1.1629,0.0739,1,0.5000
long,trend,tp,2025-10-01T07:00:00.000Z,2025-10-01T08:00:00.000Z,2025-10-01T08:00:00.000Z,210.11301500000002,215.84785378166774,36.72215129501393,7715.801925881532,3.0863,207.5093,1.6422,-0.0939,2.0858,0,0.5000
long,trend,tp,2025-10-01T17:00:00.000Z,2025-10-01T18:00:00.000Z,2025-10-02T02:00:00.000Z,217.38519599999998,223.0936538031735,36.20961336460306,7871.433898348454,3.1486,203.5525,1.6413,-0.0220,1.9254,8,0.5000
long,trend,sl,2025-10-03T00:00:00.000Z,2025-10-03T01:00:00.000Z,2025-10-03T06:00:00.000Z,231.859537,228.1347181340933,34.607583364792745,8024.098255649747,3.2096,-132.1166,-1.0441,-1.1239,0.7851,5,0.5000
short,trend,sl,2025-10-04T03:00:00.000Z,2025-10-04T04:00:00.000Z,2025-10-05T04:00:00.000Z,229.04126700000003,232.95245945948082,34.60079877923303,7925.010791607588,3.1700,-138.5004,-1.0420,-1.5200,1.2968,24,0.5000
long,trend,sl,2025-10-05T09:00:00.000Z,2025-10-05T10:00:00.000Z,2025-10-05T13:00:00.000Z,233.42000499999997,230.24527577935308,33.50670608079242,7821.135500912096,3.1285,-109.5032,-1.0523,-1.0078,0.0258,3,0.5000
short,trend,sl,2025-10-05T18:00:00.000Z,2025-10-05T19:00:00.000Z,2025-10-06T02:00:00.000Z,228.78134500000002,232.1139069498908,33.82709425499742,7739.008121100083,3.0956,-115.8265,-1.0494,-1.2592,0.6777,7,0.5000
long,trend,sl,2025-10-06T03:00:00.000Z,2025-10-06T04:00:00.000Z,2025-10-07T08:00:00.000Z,232.20964199999997,228.75248173667296,32.95357672215684,7652.1382532715725,3.0609,-116.9867,-1.0477,-1.2069,1.6321,28,0.5000
short,trend,tp,2025-10-07T08:00:00.000Z,2025-10-07T09:00:00.000Z,2025-10-07T15:00:00.000Z,229.741057,224.04476477936439,32.925757213747985,7564.398264811837,3.0258,184.5290,1.6398,-0.5176,2.4639,6,0.5000
short,trend,sl,2025-10-08T01:00:00.000Z,2025-10-08T02:00:00.000Z,2025-10-08T17:00:00.000Z,221.86342100000002,225.69000857156547,34.71863438154954,7702.794996338801,3.0811,-135.9350,-1.0416,-1.5128,1.2380,15,0.5000
long,trend,sl,2025-10-08T17:00:00.000Z,2025-10-08T18:00:00.000Z,2025-10-09T08:00:00.000Z,226.808022,222.7669821392167,33.51223501574506,7600.843736720276,3.0403,-138.4646,-1.0396,-1.8942,0.7151,14,0.5000
short,trend,sl,2025-10-09T08:00:00.000Z,2025-10-09T09:00:00.000Z,2025-10-09T11:00:00.000Z,219.81403600000002,223.87992817320568,34.106080812134024,7496.995275457338,2.9988,-141.6704,-1.0388,-1.0043,0.0110,2,0.5000
short,trend,tp,2025-10-09T11:00:00.000Z,2025-10-09T12:00:00.000Z,2025-10-09T16:00:00.000Z,222.943097,216.62720469049088,33.15080189094224,7390.7424416001195,2.9563,206.4206,1.6431,-0.8700,1.7002,4,0.5000
short,trend,sl,2025-10-09T16:00:00.000Z,2025-10-09T17:00:00.000Z,2025-10-09T22:00:00.000Z,217.094852,221.50531539662407,34.75696369762575,7545.557889905435,3.0182,-156.3125,-1.0353,-1.0256,0.1116,5,0.5000
short,trend,tp,2025-10-09T22:00:00.000Z,2025-10-09T23:00:00.000Z,2025-10-10T15:00:00.000Z,221.053664,214.6240130520726,33.60416358180716,7428.323485413835,2.9713,213.0917,1.6437,-0.8545,3.1530,16,0.5000
long,trend,sl,2025-10-13T02:00:00.000Z,2025-10-13T03:00:00.000Z,2025-10-13T11:00:00.000Z,196.128821,190.57826324445085,38.68958285350253,7588.142270039266,3.0353,-217.7840,-1.0247,-1.1084,0.6028,8,0.5000
long,trend,sl,2025-10-14T02:00:00.000Z,2025-10-14T03:00:00.000Z,2025-10-14T04:00:00.000Z,206.241854,201.52004325579367,36.000472795562644,7424.804254233402,2.9699,-172.9573,-1.0307,-1.1245,0.1305,1,0.5000
short,trend,sl,2025-10-14T07:00:00.000Z,2025-10-14T08:00:00.000Z,2025-10-14T15:00:00.000Z,194.331683,199.89929184434118,37.5393560942154,7295.0862485251855,2.9180,-211.9225,-1.0250,-1.4795,0.6122,7,0.5000
long,trend,sl,2025-10-14T18:00:00.000Z,2025-10-14T19:00:00.000Z,2025-10-15T17:00:00.000Z,201.430411,195.05006537338454,35.427343611982494,7136.144384399858,2.8545,-228.8932,-1.0220,-1.0014,1.1673,22,0.5000
short,trend,tp,2025-10-15T17:00:00.000Z,2025-10-15T18:00:00.000Z,2025-10-16T09:00:00.000Z,198.020576,189.31789085244978,35.17045884376456,6964.474518426552,2.7858,303.2916,1.6515,-0.0363,2.1968,15,0.5000
short,trend,tp,2025-10-16T16:00:00.000Z,2025-10-16T17:00:00.000Z,2025-10-16T20:00:00.000Z,192.102352,182.81957651917784,37.43808013568798,7191.943248430141,2.8768,344.6525,1.6529,-0.0211,1.8246,3,0.5000
short,trend,tp,2025-10-16T21:00:00.000Z,2025-10-16T22:00:00.000Z,2025-10-17T08:00:00.000Z,185.45434699999998,176.00378481497123,40.1739444517042,7450.4326347050755,2.9802,376.6862,1.6536,-0.3484,1.7820,10,0.5000
short,trend,sl,2025-10-17T11:00:00.000Z,2025-10-17T12:00:00.000Z,2025-10-18T07:00:00.000Z,181.33558299999999,186.79833126004192,42.644400768870085,7732.947275108704,3.0932,-236.0488,-1.0238,-1.2641,0.9480,19,0.5000
long,trend,tp,2025-10-18T07:00:00.000Z,2025-10-18T08:00:00.000Z,2025-10-20T05:00:00.000Z,186.235854,192.9136874283967,40.571729390789955,7555.910671350666,3.0224,267.9089,1.6481,-0.7926,1.7806,45,0.5000
long,trend,sl,2025-10-20T05:00:00.000Z,2025-10-20T06:00:00.000Z,2025-10-20T16:00:00.000Z,192.967873,189.45015585823072,40.19758426953032,7756.842336229524,3.1027,-144.5065,-1.0387,-1.8400,0.4167,10,0.5000
short,trend,sl,2025-10-20T17:00:00.000Z,2025-10-20T18:00:00.000Z,2025-10-20T21:00:00.000Z,187.503732,190.79669694988888,40.7909880166901,7648.462485096673,3.0594,-137.3827,-1.0409,-1.1021,0.1279,3,0.5000
short,trend,tp,2025-10-20T21:00:00.000Z,2025-10-20T22:00:00.000Z,2025-10-21T04:00:00.000Z,188.83333299999998,183.5226853579926,39.95812262654614,7545.425475993422,3.0182,209.1853,1.6430,-0.6235,1.8213,6,0.5000
short,trend,sl,2025-10-21T06:00:00.000Z,2025-10-21T07:00:00.000Z,2025-10-21T12:00:00.000Z,184.294695,187.36375474103357,41.79346823103023,7702.314480629906,3.0809,-131.3476,-1.0431,-1.1137,0.2372,5,0.5000
long,trend,sl,2025-10-21T16:00:00.000Z,2025-10-21T17:00:00.000Z,2025-10-21T21:00:00.000Z,192.61776799999998,188.37317132418727,39.47612869336229,7603.803798196201,3.0415,-170.6018,-1.0319,-1.1671,0.6715,4,0.5000
long,trend,sl,2025-10-21T21:00:00.000Z,2025-10-21T22:00:00.000Z,2025-10-21T23:00:00.000Z,191.327381,187.03798228254968,39.07361525837951,7475.852473587391,2.9903,-170.5927,-1.0313,-1.4876,0.0313,1,0.5000
short,trend,tp,2025-10-22T00:00:00.000Z,2025-10-22T01:00:00.000Z,2025-10-22T19:00:00.000Z,185.494335,178.17900139091506,39.61257351316812,7347.907981463735,2.9392,286.8400,1.6498,-0.4205,1.9512,18,0.5000
short,trend,sl,2025-10-22T23:00:00.000Z,2025-10-23T00:00:00.000Z,2025-10-23T04:00:00.000Z,179.926006,183.93822315105444,42.034157095899275,7563.038001841715,3.0252,-171.6754,-1.0321,-1.0750,0.0950,4,0.5000
long,trend,tp,2025-10-23T06:00:00.000Z,2025-10-23T07:00:00.000Z,2025-10-23T17:00:00.000Z,187.386199,192.9468651678115,39.6735805816652,7434.2814659184505,2.9737,217.6378,1.6442,-0.3855,1.8085,10,0.5000
long,trend,tp,2025-10-23T20:00:00.000Z,2025-10-23T21:00:00.000Z,2025-10-24T04:00:00.000Z,188.766613,194.5747616517768,40.24816525394235,7597.5098344509815,3.0390,230.7283,1.6450,-0.0966,1.6710,7,0.5000
long,trend,sl,2025-10-24T05:00:00.000Z,2025-10-24T06:00:00.000Z,2025-10-24T14:00:00.000Z,193.277966,190.07475479354915,40.204045175888176,7770.556076567778,3.1082,-131.8903,-1.0427,-1.2421,1.1195,8,0.5000
long,trend,tp,2025-10-24T21:00:00.000Z,2025-10-24T22:00:00.000Z,2025-10-26T13:00:00.000Z,193.748107,198.52719708567096,39.59593976165022,7671.638373705762,3.0687,186.1639,1.6396,-0.9200,2.0303,39,0.5000
long,trend,tp,2025-10-26T20:00:00.000Z,2025-10-26T21:00:00.000Z,2025-10-26T22:00:00.000Z,197.419208,200.70102336581786,39.56687590679852,7811.261304554446,3.1245,126.7267,1.6266,-0.3246,2.5143,1,0.5000
long,trend,sl,2025-10-27T07:00:00.000Z,2025-10-27T08:00:00.000Z,2025-10-27T08:00:00.000Z,202.540744,199.86932249806975,39.035633798991746,7906.306312159334,3.1625,-107.4432,-1.0540,-1.0265,0.0000,0,0.5000
short,trend,sl,2025-10-27T20:00:00.000Z,2025-10-27T21:00:00.000Z,2025-10-28T01:00:00.000Z,198.550417,201.4521872342904,39.41429116546056,7825.723946661611,3.1303,-117.5015,-1.0492,-1.2070,0.4647,4,0.5000
long,trend,sl,2025-10-28T04:00:00.000Z,2025-10-28T05:00:00.000Z,2025-10-28T12:00:00.000Z,201.090309,198.13473210519967,38.47822331803877,7737.597816795422,3.0950,-116.8204,-1.0483,-1.0222,0.9598,7,0.5000
long,trend,sl,2025-10-28T13:00:00.000Z,2025-10-28T14:00:00.000Z,2025-10-28T14:00:00.000Z,202.70079199999998,199.4963958209947,37.74026954273845,7649.982526606562,3.0600,-123.9948,-1.0448,-1.9687,0.0443,0,0.5000
short,trend,tp,2025-10-28T15:00:00.000Z,2025-10-28T16:00:00.000Z,2025-10-28T20:00:00.000Z,198.69037500000002,192.69326231519548,38.03398352945151,7556.986450210545,3.0228,225.0713,1.6446,-0.6919,1.8788,4,0.5000
short,trend,sl,2025-10-28T21:00:00.000Z,2025-10-28T22:00:00.000Z,2025-10-29T11:00:00.000Z,193.66188400000001,197.84488373198263,39.8931878514828,7725.789918084072,3.0903,-169.9635,-1.0332,-1.3745,0.2405,13,0.5000
long,trend,sl,2025-10-29T12:00:00.000Z,2025-10-29T13:00:00.000Z,2025-10-29T15:00:00.000Z,199.869943,196.69011945457365,38.01630786246151,7598.317285540634,3.0393,-123.9245,-1.0445,-1.1631,0.5672,2,0.5000
short,trend,sl,2025-10-29T19:00:00.000Z,2025-10-29T20:00:00.000Z,2025-10-30T02:00:00.000Z,192.552217,197.09741935208646,38.978382301443695,7505.373927216546,3.0021,-180.1668,-1.0303,-1.2389,0.1744,6,0.5000
short,trend,tp,2025-10-30T04:00:00.000Z,2025-10-30T05:00:00.000Z,2025-10-30T16:00:00.000Z,191.61249899999999,183.97397314993253,38.464342761119134,7370.248838850597,2.9481,290.8628,1.6499,-0.9770,1.7090,11,0.5000
short,trend,sl,2025-10-30T21:00:00.000Z,2025-10-30T22:00:00.000Z,2025-10-31T01:00:00.000Z,182.22531600000002,186.767972581837,41.64292913924176,7588.395921563938,3.0354,-192.2049,-1.0287,-1.0085,0.0524,3,0.5000
long,trend,sl,2025-11-01T03:00:00.000Z,2025-11-01T04:00:00.000Z,2025-11-01T14:00:00.000Z,187.15613,184.23730725177828,39.775572716648185,7444.242258181461,2.9777,-119.0755,-1.0455,-1.2244,0.1061,10,0.5000
short,trend,sl,2025-11-01T14:00:00.000Z,2025-11-01T15:00:00.000Z,2025-11-02T04:00:00.000Z,184.864524,187.1751406051848,39.78554371336456,7354.935600652331,2.9420,-94.8711,-1.0577,-1.3642,0.1306,13,0.5000
long,trend,sl,2025-11-02T05:00:00.000Z,2025-11-02T06:00:00.000Z,2025-11-02T10:00:00.000Z,187.036094,184.91073841535461,38.94319064698459,7283.78226650933,2.9135,-85.6816,-1.0630,-1.3798,0.5865,4,0.5000
short,trend,sl,2025-11-02T12:00:00.000Z,2025-11-02T13:00:00.000Z,2025-11-02T23:00:00.000Z,185.384368,187.60270105966498,38.943526436033004,7219.52103603527,2.8878,-89.2775,-1.0603,-1.2237,1.6440,10,0.5000
long,trend,sl,2025-11-03T00:00:00.000Z,2025-11-03T01:00:00.000Z,2025-11-03T02:00:00.000Z,186.56595299999998,184.08561674346655,38.33798600760621,7152.562895609717,2.8610,-97.9521,-1.0536,-1.4952,0.2202,1,0.5000
short,trend,tp,2025-11-03T14:00:00.000Z,2025-11-03T15:00:00.000Z,2025-11-03T15:00:00.000Z,176.24711000000002,171.0605050222561,40.16575820289013,7079.09880421818,2.8316,205.4923,1.6440,-0.1391,3.7588,0,0.5000
short,trend,sl,2025-11-04T22:00:00.000Z,2025-11-04T23:00:00.000Z,2025-11-05T16:00:00.000Z,155.073464,161.12188688221474,46.64381531871494,7233.2180156493905,2.8933,-285.0148,-1.0184,-1.1427,1.3122,17,0.5000
long,trend,sl,2025-11-05T16:00:00.000Z,2025-11-05T17:00:00.000Z,2025-11-06T12:00:00.000Z,161.738507,157.21968420764364,43.400035282439326,7019.45691032906,2.8078,-198.9249,-1.0250,-1.0463,0.4700,19,0.5000
short,trend,sl,2025-11-06T12:00:00.000Z,2025-11-06T13:00:00.000Z,2025-11-06T13:00:00.000Z,157.362777,160.37943526286844,43.65875719000844,6870.263271788444,2.7481,-134.4517,-1.0374,-1.3128,0.0000,0,0.5000
short,trend,tp,2025-11-06T14:00:00.000Z,2025-11-06T15:00:00.000Z,2025-11-07T11:00:00.000Z,157.682681,152.0407469209476,42.93067879686198,6769.424529839052,2.7078,239.5043,1.6480,-0.3596,1.8057,20,0.5000
short,trend,sl,2025-11-07T11:00:00.000Z,2025-11-07T12:00:00.000Z,2025-11-07T16:00:00.000Z,153.75386,157.19345805219524,45.19595636353942,6949.052747285749,2.7796,-158.2355,-1.0320,-1.2693,1.1891,4,0.5000
long,trend,sl,2025-11-07T17:00:00.000Z,2025-11-07T18:00:00.000Z,2025-11-08T14:00:00.000Z,161.11832099999998,156.83400750909027,42.393540638095516,6830.376088855217,2.7322,-184.3594,-1.0263,-1.0475,0.8712,20,0.5000
short,trend,sl,2025-11-08T14:00:00.000Z,2025-11-08T15:00:00.000Z,2025-11-09T13:00:00.000Z,157.57271400000002,160.46776711599793,42.469958107506756,6692.106562466144,2.6768,-125.6296,-1.0390,-1.0107,0.8826,22,0.5000
long,trend,tp,2025-11-09T13:00:00.000Z,2025-11-09T14:00:00.000Z,2025-11-09T15:00:00.000Z,159.99798499999997,163.7096666272181,41.237296470207596,6597.884342080827,2.6392,150.4206,1.6379,-0.3808,1.7566,1,0.5000
long,trend,tp,2025-11-09T17:00:00.000Z,2025-11-09T18:00:00.000Z,2025-11-09T23:00:00.000Z,161.788522,166.3078177089488,41.47821910089928,6710.699763526663,2.6843,184.7681,1.6428,-0.1912,1.7449,5,0.5000
long,trend,tp,2025-11-09T23:00:00.000Z,2025-11-10T00:00:00.000Z,2025-11-10T09:00:00.000Z,164.519341,169.30536208770252,41.6320401307452,6849.275806795755,2.7397,196.5121,1.6438,-0.4177,1.8215,9,0.5000
long,trend,sl,2025-11-11T03:00:00.000Z,2025-11-11T04:00:00.000Z,2025-11-11T05:00:00.000Z,169.890952,166.1529928425855,41.183240238397644,6996.659890546082,2.7987,-156.7399,-1.0319,-1.3587,0.0323,1,0.5000
short,trend,tp,2025-11-11T06:00:00.000Z,2025-11-11T07:00:00.000Z,2025-11-11T17:00:00.000Z,164.78055100000003,158.68437329836806,41.747068439485176,6879.104940093079,2.7516,251.7459,1.6486,-0.0901,1.8018,10,0.5000
short,trend,sl,2025-11-12T20:00:00.000Z,2025-11-12T21:00:00.000Z,2025-11-13T07:00:00.000Z,153.63389600000002,157.12190565302586,46.00491527864411,7067.914369408021,2.8272,-163.2928,-1.0316,-1.0219,0.9602,10,0.5000
short,trend,tp,2025-11-13T16:00:00.000Z,2025-11-13T17:00:00.000Z,2025-11-13T18:00:00.000Z,150.9547,145.15372844379527,46.010126240940416,6945.444803663288,2.7782,264.1253,1.6493,-0.0561,1.8660,1,0.5000
short,trend,tp,2025-11-14T02:00:00.000Z,2025-11-14T03:00:00.000Z,2025-11-14T04:00:00.000Z,145.176434,138.89261163712916,49.20591137703522,7143.5387454380025,2.8574,306.3438,1.6513,-0.0805,1.7390,1,0.5000
short,trend,tp,2025-11-14T05:00:00.000Z,2025-11-14T06:00:00.000Z,2025-11-14T12:00:00.000Z,143.037076,136.36357646238076,51.54814957582544,7373.296588536712,2.9493,341.0572,1.6524,-0.3429,1.8249,6,0.5000
long,trend,sl,2025-11-15T17:00:00.000Z,2025-11-15T18:00:00.000Z,2025-11-15T20:00:00.000Z,143.423014,140.60551850879932,53.19292421110116,7629.0895138297,3.0516,-152.9225,-1.0359,-1.2298,0.0000,2,0.5000
short,trend,sl,2025-11-15T21:00:00.000Z,2025-11-15T22:00:00.000Z,2025-11-16T05:00:00.000Z,138.868327,141.63796677530175,54.11167421120537,7514.397668879134,3.0058,-152.8756,-1.0359,-1.2070,0.5751,7,0.5000
long,trend,sl,2025-11-16T07:00:00.000Z,2025-11-16T08:00:00.000Z,2025-11-16T11:00:00.000Z,142.262666,139.91249990826628,52.01463724625986,7399.7409656758255,2.9599,-125.2029,-1.0428,-1.2142,0.4408,3,0.5000
short,trend,tp,2025-11-16T13:00:00.000Z,2025-11-16T14:00:00.000Z,2025-11-16T17:00:00.000Z,139.338186,135.2467158503293,52.432423412191056,7305.838765838633,2.9223,211.6034,1.6440,-0.5955,2.0401,3,0.5000
short,trend,sl,2025-11-16T19:00:00.000Z,2025-11-16T20:00:00.000Z,2025-11-17T03:00:00.000Z,136.738966,139.74206107915515,54.589715748313374,7464.541285658287,2.9858,-166.9239,-1.0326,-1.3005,0.6615,7,0.5000
long,trend,sl,2025-11-17T05:00:00.000Z,2025-11-17T06:00:00.000Z,2025-11-17T13:00:00.000Z,140.56215600000002,137.67295615971614,52.21425561529101,7339.348343220411,2.9357,-153.7932,-1.0342,-1.2192,0.7612,7,0.5000
long,trend,sl,2025-11-17T14:00:00.000Z,2025-11-17T15:00:00.000Z,2025-11-17T15:00:00.000Z,140.132027,136.87530633086516,51.55140926120526,7224.003474479265,2.8896,-170.7781,-1.0302,-1.0611,0.1922,0,0.5000
short,trend,tp,2025-11-17T15:00:00.000Z,2025-11-17T16:00:00.000Z,2025-11-17T18:00:00.000Z,136.988891,131.29265352239324,51.79923581094561,7095.919868388924,2.8384,292.2224,1.6506,-0.0325,1.9571,2,0.5000
short,trend,sl,2025-11-18T01:00:00.000Z,2025-11-18T02:00:00.000Z,2025-11-18T04:00:00.000Z,131.880424,135.25956896435306,55.46757002905664,7315.086653681682,2.9260,-190.3590,-1.0280,-1.2519,0.4464,2,0.5000
long,trend,sl,2025-11-18T08:00:00.000Z,2025-11-18T09:00:00.000Z,2025-11-19T16:00:00.000Z,137.721304,134.06581876621544,52.07848894404991,7172.3174077241365,2.8689,-193.2411,-1.0264,-1.3751,1.3910,31,0.5000
short,trend,sl,2025-11-19T20:00:00.000Z,2025-11-19T21:00:00.000Z,2025-11-19T23:00:00.000Z,133.11005500000002,136.27869919288523,52.793807364907394,7027.386602002229,2.8110,-170.0957,-1.0301,-1.2373,0.1535,2,0.5000
long,trend,sl,2025-11-20T06:00:00.000Z,2025-11-20T07:00:00.000Z,2025-11-20T14:00:00.000Z,142.83283699999998,139.54154272016638,48.30692253684139,6899.814792676292,2.7599,-161.7522,-1.0305,-1.2011,0.3407,7,0.5000
short,trend,tp,2025-11-20T19:00:00.000Z,2025-11-20T20:00:00.000Z,2025-11-21T07:00:00.000Z,133.769857,127.73449539900012,50.67285543163947,6778.500624872086,2.7114,303.1176,1.6519,-0.7760,3.3966,11,0.5000
short,trend,sl,2025-11-21T13:00:00.000Z,2025-11-21T14:00:00.000Z,2025-11-23T04:00:00.000Z,127.041876,131.51672733520317,55.14590188433991,7005.838829098477,2.8023,-249.5720,-1.0203,-1.0818,0.7985,38,0.5000
long,trend,tp,2025-11-23T04:00:00.000Z,2025-11-23T05:00:00.000Z,2025-11-24T17:00:00.000Z,130.67919199999997,135.14199943666756,52.178619170993635,6818.659792941156,2.7275,230.1357,1.6471,-0.9894,2.4278,36,0.5000
long,trend,sl,2025-11-25T22:00:00.000Z,2025-11-25T23:00:00.000Z,2025-11-26T09:00:00.000Z,138.96167599999998,136.081387718756,50.310716907709086,6991.2615422567915,2.7965,-147.7059,-1.0340,-1.0043,0.5840,10,0.5000
short,trend,sl,2025-11-26T12:00:00.000Z,2025-11-26T13:00:00.000Z,2025-11-26T14:00:00.000Z,135.50933500000002,137.89596667556458,50.774967920449306,6880.48213754642,2.7522,-123.9333,-1.0407,-1.1686,0.0381,1,0.5000
short,trend,sl,2025-11-26T14:00:00.000Z,2025-11-26T15:00:00.000Z,2025-11-26T17:00:00.000Z,136.219122,138.714634748773,49.82804200449638,6787.532132831617,2.7150,-127.0615,-1.0392,-1.9483,0.2441,2,0.5000
long,trend,sl,2025-11-26T17:00:00.000Z,2025-11-26T18:00:00.000Z,2025-11-28T17:00:00.000Z,140.752213,137.94430048607222,47.546222151692234,6692.235987640304,2.6769,-136.1825,-1.0353,-1.4792,1.4342,47,0.5000
short,trend,sl,2025-11-28T17:00:00.000Z,2025-11-28T18:00:00.000Z,2025-11-30T13:00:00.000Z,137.088861,139.58805891802356,48.071732777156235,6590.099092716716,2.6360,-122.7768,-1.0394,-1.2416,0.9599,43,0.5000
long,trend,sl,2025-11-30T14:00:00.000Z,2025-11-30T15:00:00.000Z,2025-11-30T20:00:00.000Z,138.49153499999997,136.8187126180973,46.919954220556235,6498.01648213456,2.5992,-81.0880,-1.0591,-1.0182,0.7896,5,0.5000
long,trend,sl,2025-11-30T20:00:00.000Z,2025-11-30T21:00:00.000Z,2025-11-30T23:00:00.000Z,137.271169,135.55149540109588,46.89404601053863,6437.200515006423,2.5749,-83.2173,-1.0569,-2.4486,0.3328,2,0.5000
long,trend,tp,2025-12-02T13:00:00.000Z,2025-12-02T14:00:00.000Z,2025-12-02T15:00:00.000Z,130.579162,134.13277476038593,48.819332407718576,6374.787515199334,2.5499,170.9351,1.6422,-0.1309,5.3142,1,0.5000
short,trend,tp,2025-12-04T18:00:00.000Z,2025-12-04T19:00:00.000Z,2025-12-05T09:00:00.000Z,140.62779899999998,136.5015637830947,46.24255571896541,6502.988830892968,2.6012,188.2065,1.6439,-0.0655,1.7804,14,0.5000
short,trend,tp,2025-12-05T10:00:00.000Z,2025-12-05T11:00:00.000Z,2025-12-05T16:00:00.000Z,137.618702,133.74559850023513,48.279365988273696,6644.143680689174,2.6577,184.3333,1.6430,-0.1813,2.8008,5,0.5000
short,trend,tp,2025-12-05T23:00:00.000Z,2025-12-06T00:00:00.000Z,2025-12-07T14:00:00.000Z,133.180034,129.22523721020798,50.92650504666995,6782.393673616676,2.7130,198.6910,1.6442,-0.3666,2.3600,38,0.5000
short,trend,sl,2025-12-07T15:00:00.000Z,2025-12-07T16:00:00.000Z,2025-12-07T17:00:00.000Z,131.910415,133.94598863389228,52.54635837147517,6931.411939520014,2.7726,-109.7345,-1.0466,-1.7789,0.7569,1,0.5000
long,trend,sl,2025-12-07T18:00:00.000Z,2025-12-07T19:00:00.000Z,2025-12-07T21:00:00.000Z,136.000788,133.63332520297135,50.36081871595212,6849.111029694636,2.7396,-121.9670,-1.0406,-1.5343,0.1457,2,0.5000
long,trend,sl,2025-12-07T21:00:00.000Z,2025-12-07T22:00:00.000Z,2025-12-07T22:00:00.000Z,133.069909,130.6038058929337,50.78259858757615,6757.635772832287,2.7031,-127.9382,-1.0381,-1.3927,0.0000,0,0.5000
short,trend,sl,2025-12-08T00:00:00.000Z,2025-12-08T01:00:00.000Z,2025-12-08T01:00:00.000Z,131.480544,134.0812379861731,50.66667612037828,6661.682138979146,2.6647,-134.4332,-1.0362,-1.1363,0.0158,0,0.5000
long,trend,tp,2025-12-08T02:00:00.000Z,2025-12-08T03:00:00.000Z,2025-12-08T09:00:00.000Z,134.010191,138.37002436446733,48.95789786929873,6560.857244423216,2.6243,210.8239,1.6462,-0.1300,1.8540,6,0.5000
long,trend,sl,2025-12-08T12:00:00.000Z,2025-12-08T13:00:00.000Z,2025-12-08T15:00:00.000Z,137.811331,135.49403084590207,48.754882098108844,6718.975194688453,2.6876,-115.6673,-1.0421,-1.1734,0.6451,2,0.5000
long,trend,sl,2025-12-08T15:00:00.000Z,2025-12-08T16:00:00.000Z,2025-12-08T18:00:00.000Z,135.490635,132.99663419550907,48.94969110064925,6632.2247302808155,2.6529,-124.7335,-1.0383,-1.0475,0.4154,2,0.5000
short,trend,sl,2025-12-08T22:00:00.000Z,2025-12-08T23:00:00.000Z,2025-12-09T15:00:00.000Z,133.44995300000002,135.95599509876124,48.997204488511734,6538.674636123281,2.6155,-125.4045,-1.0382,-2.0363,0.7747,16,0.5000
long,trend,sl,2025-12-09T20:00:00.000Z,2025-12-09T21:00:00.000Z,2025-12-09T21:00:00.000Z,140.162036,137.20561570465878,45.97979185216086,6444.621240855077,2.5778,-138.5134,-1.0334,-1.2047,0.0953,0,0.5000
long,trend,sl,2025-12-09T21:00:00.000Z,2025-12-09T22:00:00.000Z,2025-12-11T00:00:00.000Z,137.751313,134.59783572045458,46.03031378820579,6340.736162127352,2.5363,-147.6918,-1.0307,-1.4074,1.5447,26,0.5000
short,trend,sl,2025-12-11T00:00:00.000Z,2025-12-11T01:00:00.000Z,2025-12-11T20:00:00.000Z,133.749863,136.94463573619305,46.57924232604726,6229.967279752622,2.4920,-151.3021,-1.0300,-1.0084,1.5251,19,0.5000
long,trend,sl,2025-12-11T20:00:00.000Z,2025-12-11T21:00:00.000Z,2025-12-12T15:00:00.000Z,136.05080299999997,133.2447026876933,44.95740256290041,6116.4907194768575,2.4466,-128.6016,-1.0341,-1.1716,1.4566,18,0.5000
short,trend,tp,2025-12-12T18:00:00.000Z,2025-12-12T19:00:00.000Z,2025-12-14T23:00:00.000Z,132.620202,128.06910340245335,45.3930807331437,6020.039536231826,2.4080,204.1804,1.6472,-0.5859,1.7469,52,0.5000
short,trend,sl,2025-12-15T00:00:00.000Z,2025-12-15T01:00:00.000Z,2025-12-15T02:00:00.000Z,130.000988,131.67576305748568,47.485599216508696,6173.174813918156,2.4693,-81.9970,-1.0559,-1.9379,0.1718,1,0.5000
long,trend,sl,2025-12-15T06:00:00.000Z,2025-12-15T07:00:00.000Z,2025-12-15T14:00:00.000Z,132.389705,130.67382430555278,46.16429267370755,6111.677088605804,2.4447,-81.6571,-1.0550,-1.7294,1.7894,7,0.5000
short,trend,sl,2025-12-15T23:00:00.000Z,2025-12-16T00:00:00.000Z,2025-12-16T15:00:00.000Z,127.691681,130.1047527261465,47.38315154258563,6050.434271550503,2.4202,-116.7591,-1.0380,-1.0144,1.2728,15,0.5000
long,trend,sl,2025-12-16T15:00:00.000Z,2025-12-16T16:00:00.000Z,2025-12-16T18:00:00.000Z,129.718904,126.91820149175965,45.96758644990318,5962.864933806692,2.3851,-131.1267,-1.0326,-1.0204,0.0294,2,0.5000
long,trend,tp,2025-12-16T20:00:00.000Z,2025-12-16T21:00:00.000Z,2025-12-17T15:00:00.000Z,128.378502,132.81007762398926,45.68147962441211,5864.51992332555,2.3458,200.0951,1.6474,-0.9246,2.0991,18,0.5000
short,trend,sl,2025-12-17T16:00:00.000Z,2025-12-17T17:00:00.000Z,2025-12-18T15:00:00.000Z,124.812545,128.13592944966354,48.18899627458948,6014.591266027031,2.4058,-162.5564,-1.0269,-1.2717,1.0723,22,0.5000
long,trend,sl,2025-12-18T15:00:00.000Z,2025-12-18T16:00:00.000Z,2025-12-18T17:00:00.000Z,127.38820499999999,124.82428992356076,46.257610490699086,5892.673967999325,2.3571,-120.9577,-1.0350,-2.7304,0.0245,1,0.5000
short,trend,sl,2025-12-18T21:00:00.000Z,2025-12-18T22:00:00.000Z,2025-12-19T06:00:00.000Z,120.013985,123.46066368276793,48.34399696923702,5801.955727106058,2.3208,-168.9470,-1.0249,-1.0576,0.7197,8,0.5000
long,trend,sl,2025-12-19T07:00:00.000Z,2025-12-19T08:00:00.000Z,2025-12-24T04:00:00.000Z,124.41731399999999,121.4527552340037,45.61459567068516,5675.245472542676,2.2701,-137.4972,-1.0294,-1.0134,1.4729,116,0.5000
short,trend,sl,2025-12-24T06:00:00.000Z,2025-12-24T07:00:00.000Z,2025-12-24T16:00:00.000Z,121.47354700000001,123.26939075597853,45.871077896582975,5572.122536811234,2.2288,-84.6061,-1.0486,-1.1066,0.4853,9,0.5000
short,trend,sl,2025-12-25T08:00:00.000Z,2025-12-25T09:00:00.000Z,2025-12-25T15:00:00.000Z,122.02338200000001,123.20925590660917,45.14436367150316,5508.667933434753,2.2035,-55.7390,-1.0746,-1.7552,0.7080,6,0.5000
long,trend,sl,2025-12-25T16:00:00.000Z,2025-12-25T17:00:00.000Z,2025-12-25T22:00:00.000Z,123.49703799999999,122.21775351543306,44.267164455177785,5466.86369087334,2.1867,-58.8170,-1.0693,-1.7681,0.5255,5,0.5000
short,trend,sl,2025-12-26T00:00:00.000Z,2025-12-26T01:00:00.000Z,2025-12-26T02:00:00.000Z,120.213925,121.76791819553885,45.109174409442296,5422.750909268616,2.1691,-72.2685,-1.0558,-2.7059,0.0751,1,0.5000
long,trend,sl,2025-12-26T05:00:00.000Z,2025-12-26T06:00:00.000Z,2025-12-26T15:00:00.000Z,123.27697199999999,121.47074329610435,43.54868135006877,5368.549571429349,2.1474,-80.8063,-1.0485,-1.6426,1.0414,9,0.5000
short,trend,sl,2025-12-26T16:00:00.000Z,2025-12-26T17:00:00.000Z,2025-12-27T03:00:00.000Z,121.153643,123.02257926446012,43.81168173254556,5307.944847854446,2.1232,-84.0044,-1.0466,-1.4336,0.0000,10,0.5000
long,trend,tp,2025-12-27T03:00:00.000Z,2025-12-27T04:00:00.000Z,2025-12-29T00:00:00.000Z,123.647083,125.96842772395999,42.41864350170223,5244.9415338023855,2.0980,96.3703,1.6312,-0.8595,3.2402,44,0.5000
long,trend,sl,2025-12-29T09:00:00.000Z,2025-12-29T10:00:00.000Z,2025-12-29T12:00:00.000Z,126.05780599999999,124.29160875013929,42.18080133855342,5317.219272059907,2.1269,-76.6265,-1.0507,-1.8728,0.1459,2,0.5000
short,trend,sl,2025-12-29T14:00:00.000Z,2025-12-29T15:00:00.000Z,2025-12-30T14:00:00.000Z,123.35298300000001,125.31097185001326,42.63982326870428,5259.749394787485,2.1039,-85.5922,-1.0453,-1.0243,0.4390,23,0.5000
long,trend,sl,2025-12-30T14:00:00.000Z,2025-12-30T15:00:00.000Z,2025-12-30T19:00:00.000Z,125.027497,123.67807175290845,41.555300799743705,5195.555246074054,2.0782,-58.1540,-1.0664,-1.0040,1.1144,4,0.5000
long,trend,sl,2025-12-31T01:00:00.000Z,2025-12-31T02:00:00.000Z,2025-12-31T20:00:00.000Z,125.50764099999999,124.07149534431339,41.04881351776016,5151.939750462989,2.0608,-61.0129,-1.0625,-1.4780,1.3527,18,0.5000
short,trend,sl,2025-12-31T20:00:00.000Z,2025-12-31T21:00:00.000Z,2026-01-01T01:00:00.000Z,124.08276400000001,125.52148044308701,41.15140530021062,5106.180112134384,2.0425,-61.2477,-1.0623,-1.1900,0.1019,4,0.5000
short,trend,sl,2026-01-01T01:00:00.000Z,2026-01-01T02:00:00.000Z,2026-01-01T22:00:00.000Z,124.882524,126.21194245208893,40.520035897933816,5060.244355504581,2.0241,-55.8922,-1.0680,-1.0897,0.6059,20,0.5000
long,trend,tp,2026-01-01T22:00:00.000Z,2026-01-01T23:00:00.000Z,2026-01-02T03:00:00.000Z,126.047803,127.72906092913954,39.81287337190967,5018.3252196464155,2.0073,64.9284,1.6167,-0.3448,1.9154,4,0.5000
long,trend,tp,2026-01-02T04:00:00.000Z,2026-01-02T05:00:00.000Z,2026-01-02T09:00:00.000Z,126.988085,129.01790288369057,39.901550636497,5067.021503859285,2.0268,78.9661,1.6250,-0.2448,2.4320,4,0.5000
long,trend,sl,2026-01-02T11:00:00.000Z,2026-01-02T12:00:00.000Z,2026-01-02T14:00:00.000Z,128.228457,126.83248937634436,39.97744477428936,5126.246058209837,2.0505,-57.8577,-1.0658,-1.0667,0.9806,2,0.5000
long,trend,tp,2026-01-02T14:00:00.000Z,2026-01-02T15:00:00.000Z,2026-01-02T16:00:00.000Z,128.718604,131.23373731469238,39.488097388442256,5082.852770456333,2.0331,97.2847,1.6325,-0.9003,2.0684,1,0.5000
long,trend,tp,2026-01-04T02:00:00.000Z,2026-01-04T03:00:00.000Z,2026-01-05T01:00:00.000Z,133.700098,136.0785950607911,38.56254680218568,5155.816286581812,2.0623,89.6586,1.6292,-0.4555,2.7958,22,0.5000
long,trend,sl,2026-01-05T04:00:00.000Z,2026-01-05T05:00:00.000Z,2026-01-05T13:00:00.000Z,135.67068899999998,133.93103576981264,38.49807396397206,5223.06021986505,2.0892,-69.0625,-1.0556,-1.4891,0.3585,8,0.5000
long,trend,tp,2026-01-05T18:00:00.000Z,2026-01-05T19:00:00.000Z,2026-01-06T14:00:00.000Z,137.37119900000002,140.93203007871972,37.64445069561873,5171.26332775353,2.0685,131.9770,1.6409,-0.2533,2.8452,19,0.5000
long,trend,sl,2026-01-06T16:00:00.000Z,2026-01-06T17:00:00.000Z,2026-01-06T17:00:00.000Z,138.901658,136.36504625685214,37.94228357043025,5270.246096238921,2.1081,-98.3529,-1.0387,-1.0224,0.0915,0,0.5000
long,trend,sl,2026-01-06T23:00:00.000Z,2026-01-07T00:00:00.000Z,2026-01-07T05:00:00.000Z,141.072309,138.4019597949133,36.83558756282993,5196.4813908601,2.0786,-100.4425,-1.0373,-1.1383,0.1018,5,0.5000
short,trend,tp,2026-01-07T09:00:00.000Z,2026-01-07T10:00:00.000Z,2026-01-08T14:00:00.000Z,136.748963,132.88163813880396,37.44927509956594,5121.149534967364,2.0485,142.7801,1.6431,-0.7331,1.7665,28,0.5000
short,trend,sl,2026-01-08T14:00:00.000Z,2026-01-08T15:00:00.000Z,2026-01-08T15:00:00.000Z,133.889821,136.03801382851424,39.04878306302773,5228.234574576614,2.0913,-85.9756,-1.0448,-1.2291,0.2704,0,0.5000
long,trend,sl,2026-01-08T17:00:00.000Z,2026-01-08T18:00:00.000Z,2026-01-09T15:00:00.000Z,138.71160099999997,136.32197352010206,37.22653931015178,5163.752867400588,2.0655,-91.0231,-1.0410,-1.1162,1.0212,21,0.5000
short,trend,sl,2026-01-09T18:00:00.000Z,2026-01-09T19:00:00.000Z,2026-01-11T15:00:00.000Z,136.718972,139.53739867184976,37.26977679844308,5095.48557055259,2.0382,-107.0803,-1.0348,-1.0016,0.6911,44,0.5000
long,trend,tp,2026-01-11T20:00:00.000Z,2026-01-11T21:00:00.000Z,2026-01-12T00:00:00.000Z,138.54155,141.16501476337643,36.19979222943918,5015.17532514446,2.0061,92.9628,1.6315,-0.6871,1.7651,3,0.5000
long,trend,sl,2026-01-12T07:00:00.000Z,2026-01-12T08:00:00.000Z,2026-01-12T08:00:00.000Z,141.372399,139.45838174672554,35.968105995453385,5084.897432063528,2.0340,-70.8775,-1.0526,-1.2779,0.3352,0,0.5000
long,trend,sl,2026-01-12T17:00:00.000Z,2026-01-12T18:00:00.000Z,2026-01-12T21:00:00.000Z,141.94257,139.58504051637067,35.44912059329158,5031.739281251732,2.0127,-85.5850,-1.0426,-1.6076,0.3789,3,0.5000
short,trend,sl,2026-01-12T22:00:00.000Z,2026-01-12T23:00:00.000Z,2026-01-13T08:00:00.000Z,139.048273,141.43082607163436,35.72536639302089,4967.550499241794,1.9870,-87.1046,-1.0419,-1.1844,0.6189,9,0.5000
long,trend,tp,2026-01-13T08:00:00.000Z,2026-01-13T09:00:00.000Z,2026-01-13T22:00:00.000Z,141.562456,144.9320677926245,34.629393884038045,4902.222048015805,1.9609,114.7267,1.6387,-0.2188,3.5600,13,0.5000
long,trend,sl,2026-01-13T23:00:00.000Z,2026-01-14T00:00:00.000Z,2026-01-15T15:00:00.000Z,145.523644,142.79142593776714,34.278052382358716,4988.267091903721,1.9953,-95.6504,-1.0376,-1.4106,1.0732,39,0.5000
short,trend,sl,2026-01-15T15:00:00.000Z,2026-01-15T16:00:00.000Z,2026-01-16T21:00:00.000Z,143.38697100000002,145.4893520979471,34.28853571628357,4916.529276383217,1.9666,-74.0542,-1.0491,-1.0264,1.5626,29,0.5000
long,trend,sl,2026-01-16T21:00:00.000Z,2026-01-16T22:00:00.000Z,2026-01-18T00:00:00.000Z,145.033497,143.1220706269493,33.51631685868853,4860.988640575653,1.9444,-66.0084,-1.0540,-1.0776,0.0891,26,0.5000
short,trend,tp,2026-01-18T00:00:00.000Z,2026-01-18T01:00:00.000Z,2026-01-18T15:00:00.000Z,143.147043,141.5165489361205,33.61216735021948,4811.482365005064,1.9246,52.8798,1.6081,-0.2177,1.7960,14,0.5000
short,trend,sl,2026-01-18T15:00:00.000Z,2026-01-18T16:00:00.000Z,2026-01-18T18:00:00.000Z,141.867427,142.85560972164677,34.194898380722414,4851.142249799555,1.9405,-35.7313,-1.1053,-1.0817,0.2194,2,0.5000
long,trend,sl,2026-01-21T15:00:00.000Z,2026-01-21T16:00:00.000Z,2026-01-21T16:00:00.000Z,130.41911399999998,128.5021433527092,36.99107940047341,4824.343801313393,1.9297,-72.8406,-1.0483,-2.6347,0.0000,0,0.5000
long,trend,sl,2026-01-21T19:00:00.000Z,2026-01-21T20:00:00.000Z,2026-01-22T14:00:00.000Z,131.489435,128.82724380114342,36.27449907368046,4769.713388106266,1.9079,-98.4775,-1.0348,-1.4215,0.2251,18,0.5000
short,trend,sl,2026-01-22T14:00:00.000Z,2026-01-22T15:00:00.000Z,2026-01-22T20:00:00.000Z,127.791651,129.56381434310973,36.74618175922285,4695.855234957173,1.8783,-66.9986,-1.0519,-1.1068,0.6587,5,0.5000
short,trend,sl,2026-01-22T21:00:00.000Z,2026-01-22T22:00:00.000Z,2026-01-23T17:00:00.000Z,128.20152800000002,130.13291440300685,36.236746734812534,4645.606301151978,1.8582,-71.8454,-1.0477,-1.0191,1.5756,19,0.5000
short,trend,tp,2026-01-24T09:00:00.000Z,2026-01-24T10:00:00.000Z,2026-01-25T16:00:00.000Z,127.011885,125.09523358944448,36.151910109136786,4591.722249312019,1.8367,67.4539,1.6225,-0.5723,4.3321,30,0.5000
short,trend,sl,2026-01-26T01:00:00.000Z,2026-01-26T02:00:00.000Z,2026-01-26T15:00:00.000Z,122.273307,124.41076982330368,37.96668957163267,4642.31268976594,1.8569,-83.0093,-1.0411,-1.3745,0.5825,13,0.5000
long,trend,tp,2026-01-26T15:00:00.000Z,2026-01-26T16:00:00.000Z,2026-01-27T16:00:00.000Z,123.48703499999999,126.51942605905843,37.08936493087354,4580.055705346554,1.8320,110.6374,1.6395,-0.2897,1.7879,24,0.5000
long,trend,tp,2026-01-27T17:00:00.000Z,2026-01-27T18:00:00.000Z,2026-01-27T20:00:00.000Z,123.997188,126.81496486398134,37.605963956108845,4663.033782586852,1.8652,104.1000,1.6373,-0.1462,2.0600,2,0.5000
long,trend,sl,2026-01-27T20:00:00.000Z,2026-01-27T21:00:00.000Z,2026-01-28T15:00:00.000Z,127.36819899999999,125.45750072413324,37.22364625599759,4741.108783839506,1.8964,-73.0196,-1.0473,-1.0455,0.4868,18,0.5000
short,trend,tp,2026-01-28T20:00:00.000Z,2026-01-28T21:00:00.000Z,2026-01-29T04:00:00.000Z,125.292401,122.4945423341529,37.40325866739714,4686.344083662248,1.8745,102.7745,1.6368,-0.2964,1.7170,7,0.5000
short,trend,tp,2026-01-29T06:00:00.000Z,2026-01-29T07:00:00.000Z,2026-01-29T14:00:00.000Z,123.582914,120.98436771524356,38.54436507284714,4763.424953982272,1.9054,98.2539,1.6350,-0.2162,2.1377,7,0.5000
long,trend,sl,2026-01-31T01:00:00.000Z,2026-01-31T02:00:00.000Z,2026-01-31T08:00:00.000Z,118.125427,115.86272461560347,40.948977174828194,4837.115413989834,1.9348,-94.5902,-1.0368,-2.0043,0.2938,6,0.5000
short,trend,tp,2026-01-31T09:00:00.000Z,2026-01-31T10:00:00.000Z,2026-01-31T14:00:00.000Z,116.24511600000001,112.61150937546047,41.00105821346141,4766.172768146575,1.9065,147.0752,1.6453,-0.2820,3.6901,4,0.5000
long,trend,sl,2026-02-02T14:00:00.000Z,2026-02-02T15:00:00.000Z,2026-02-03T14:00:00.000Z,103.93117000000001,100.77018818623175,46.920276216165995,4876.479203869305,1.9506,-150.2647,-1.0229,-1.0385,0.6704,23,0.5000
short,trend,tp,2026-02-03T14:00:00.000Z,2026-02-03T15:00:00.000Z,2026-02-03T18:00:00.000Z,100.76976,97.21874498636774,47.27391089594666,4763.780655245931,1.9055,165.9649,1.6477,-0.9107,1.9665,3,0.5000
short,trend,sl,2026-02-03T19:00:00.000Z,2026-02-03T20:00:00.000Z,2026-02-03T20:00:00.000Z,98.920315,101.6639779532597,49.41608097950176,4888.254296557822,1.9553,-137.5364,-1.0258,-1.1388,0.2876,0,0.5000
short,trend,tp,2026-02-03T20:00:00.000Z,2026-02-03T21:00:00.000Z,2026-02-04T11:00:00.000Z,101.06967,96.17964050124532,47.34458930418789,4785.1020172598,1.9140,229.6024,1.6529,-0.2285,2.2221,14,0.5000
short,trend,tp,2026-02-04T11:00:00.000Z,2026-02-04T12:00:00.000Z,2026-02-04T15:00:00.000Z,96.001191,91.79715616431675,51.63794077703213,4957.30381538255,1.9829,215.1048,1.6514,-0.2770,1.8955,3,0.5000
short,trend,tp,2026-02-04T19:00:00.000Z,2026-02-04T20:00:00.000Z,2026-02-04T22:00:00.000Z,94.28170700000001,89.30375079162235,54.29083290399196,5118.63240064013,2.0475,268.2099,1.6540,-0.0731,1.6746,2,0.5000
short,trend,tp,2026-02-04T23:00:00.000Z,2026-02-05T00:00:00.000Z,2026-02-05T15:00:00.000Z,92.042379,86.63889653781042,57.79717897615677,5319.789852454253,2.1279,310.1781,1.6553,-0.4187,2.6688,15,0.5000
long,trend,sl,2026-02-06T16:00:00.000Z,2026-02-06T17:00:00.000Z,2026-02-10T18:00:00.000Z,86.615977,82.65200718884299,56.36479536964336,4882.091819346736,1.9528,-225.3812,-1.0151,-1.0043,0.7931,97,0.5000
short,trend,tp,2026-02-10T18:00:00.000Z,2026-02-10T19:00:00.000Z,2026-02-11T14:00:00.000Z,82.87513000000001,79.86851208982782,64.95781737815678,5383.3875597310025,2.1534,193.1500,1.6483,-0.8120,1.7601,19,0.5000
short,trend,sl,2026-02-11T18:00:00.000Z,2026-02-11T19:00:00.000Z,2026-02-12T09:00:00.000Z,79.72607500000001,81.75173833100838,69.3405519626324,5528.250046314229,2.2113,-142.6719,-1.0282,-1.0664,0.5127,14,0.5000
long,trend,sl,2026-02-12T09:00:00.000Z,2026-02-12T10:00:00.000Z,2026-02-12T15:00:00.000Z,81.774525,80.19781576245659,66.29504862551504,5421.246111203395,2.1685,-106.6965,-1.0366,-1.1300,0.2740,5,0.5000
short,trend,sl,2026-02-12T22:00:00.000Z,2026-02-12T23:00:00.000Z,2026-02-13T08:00:00.000Z,78.026585,79.77810752631423,68.45389588294304,5341.223725691605,2.1365,-122.0350,-1.0319,-1.0728,0.3106,9,0.5000
long,trend,tp,2026-02-13T10:00:00.000Z,2026-02-13T11:00:00.000Z,2026-02-13T15:00:00.000Z,80.32409,82.69483101414835,65.35645101095062,5249.697453084189,2.0999,152.8433,1.6441,-0.4528,2.8092,4,0.5000
short,trend,tp,2026-02-15T17:00:00.000Z,2026-02-15T18:00:00.000Z,2026-02-16T15:00:00.000Z,86.334092,83.34795375174406,62.1345500229665,5364.329958061392,2.1457,183.3966,1.6474,-0.3047,2.1344,21,0.5000
short,trend,sl,2026-02-16T16:00:00.000Z,2026-02-16T17:00:00.000Z,2026-02-16T21:00:00.000Z,83.884827,85.69150397216556,65.58846960899481,5501.877426345288,2.2008,-120.6979,-1.0333,-1.2270,0.0364,4,0.5000
long,trend,sl,2026-02-16T23:00:00.000Z,2026-02-17T00:00:00.000Z,2026-02-17T11:00:00.000Z,86.415917,84.78972629885405,62.61987568627861,5411.35397985577,2.1645,-103.9964,-1.0375,-1.0844,0.7709,11,0.5000
short,trend,tp,2026-02-17T11:00:00.000Z,2026-02-17T12:00:00.000Z,2026-02-18T12:00:00.000Z,85.024485,82.64328248913635,62.727303540866586,5333.356679000858,2.1333,147.2331,1.6429,-0.7108,1.9559,24,0.5000
short,trend,tp,2026-02-18T12:00:00.000Z,2026-02-18T13:00:00.000Z,2026-02-18T19:00:00.000Z,82.90512100000001,80.58148447478392,65.66278917216188,5443.781481515571,2.1775,150.3989,1.6429,-0.7781,1.7753,6,0.5000
short,trend,sl,2026-02-18T23:00:00.000Z,2026-02-19T00:00:00.000Z,2026-02-20T00:00:00.000Z,81.525535,82.92847262320088,68.15754951527904,5556.580688522115,2.2226,-97.8434,-1.0417,-1.5344,1.4263,24,0.5000
long,trend,tp,2026-02-20T00:00:00.000Z,2026-02-20T01:00:00.000Z,2026-02-20T18:00:00.000Z,82.864852,85.2157646409667,66.17037246896233,5483.198121425437,2.1933,153.3675,1.6432,-0.8187,1.8327,17,0.5000
long,trend,sl,2026-02-20T19:00:00.000Z,2026-02-20T20:00:00.000Z,2026-02-22T15:00:00.000Z,84.735413,83.04993550061242,66.06710863390822,5598.223735810078,2.2393,-113.5939,-1.0354,-1.0752,1.1831,43,0.5000
short,trend,tp,2026-02-22T21:00:00.000Z,2026-02-22T22:00:00.000Z,2026-02-23T00:00:00.000Z,83.424965,82.0415736827775,66.08367531110501,5513.028299900299,2.2052,89.2144,1.6265,-0.2832,2.6324,2,0.5000
short,trend,eod,2026-02-23T09:00:00.000Z,2026-02-23T10:00:00.000Z,2026-02-23T14:00:00.000Z,80.37588000000001,80.104024,69.42305425939946,5579.939078386981,2.2320,16.6411,0.1637,-0.4739,0.6868,4,0.5000