side,signalType,reason,signalTime,entryTime,exitTime,entryPrice,exitPrice,quantity,notional,fees,pnl,r,maeR,mfeR,barsHeld,confidence
long,sweep,tp,2026-06-23T17:55:00.000Z,2026-06-23T18:00:00.000Z,2026-06-23T19:50:00.000Z,0.63098924,0.6384770000000003,36386.923994992256,22959.757517537928,9.1839,263.2727,2.6327,-0.5055,2.8421,22,0.7222
short,sweep,sl,2026-06-23T20:10:00.000Z,2026-06-23T20:15:00.000Z,2026-06-23T20:25:00.000Z,0.64340692,0.64678457718,32237.13643018666,20741.596660166193,8.2966,-117.1826,-1.1418,-1.0658,0.0000,2,0.7691
long,sweep,tp,2026-06-23T23:40:00.000Z,2026-06-23T23:45:00.000Z,2026-06-24T00:45:00.000Z,0.6445933199999999,0.6515598,39327.14974501448,25350.018020276035,10.1400,263.8318,2.6003,-0.3075,2.7934,12,0.8139
long,sweep,sl,2026-06-24T02:25:00.000Z,2026-06-24T02:30:00.000Z,2026-06-24T02:50:00.000Z,0.64649389,0.64361665706,38783.80312121816,25073.49174883047,10.0294,-121.6194,-1.1683,-1.0037,0.1886,4,0.8500
long,sweep,tp,2026-06-24T04:25:00.000Z,2026-06-24T04:30:00.000Z,2026-06-24T05:30:00.000Z,0.6369910400000001,0.6475070000000002,27362.215240754278,17429.48594291192,6.9718,280.7682,2.7290,-0.1040,2.8747,12,0.7008
short,sweep,sl,2026-06-24T05:30:00.000Z,2026-06-24T05:35:00.000Z,2026-06-24T06:45:00.000Z,0.64660596,0.64929032868,42452.20411782808,27449.84819772418,10.9799,-124.9373,-1.1821,-1.2026,0.7254,14,0.7131
short,sweep,tp,2026-06-24T06:50:00.000Z,2026-06-24T06:55:00.000Z,2026-06-24T10:10:00.000Z,0.64800554,0.6398018,34885.17579172297,22605.78717691037,9.0423,277.1466,2.6536,-0.2320,2.8410,39,0.7258
long,sweep,sl,2026-06-24T10:20:00.000Z,2026-06-24T10:25:00.000Z,2026-06-24T11:00:00.000Z,0.63809137,0.63483689178,34991.464788361365,22327.751705112267,8.9311,-122.8101,-1.1455,-1.0089,0.1334,7,0.7389
long,sweep,sl,2026-06-24T13:30:00.000Z,2026-06-24T13:35:00.000Z,2026-06-24T15:40:00.000Z,0.62928873,0.61917299236,10673.257289868117,6716.560524904349,2.6866,-110.6545,-1.0441,-1.3181,0.1925,25,0.7381
short,sweep,sl,2026-06-24T20:50:00.000Z,2026-06-24T20:55:00.000Z,2026-06-24T21:35:00.000Z,0.6268119,0.631449378,23578.19132060733,14779.090900233388,5.9116,-115.2550,-1.0989,-1.4811,0.6996,8,0.8166
long,sweep,sl,2026-06-25T03:15:00.000Z,2026-06-25T03:20:00.000Z,2026-06-25T04:25:00.000Z,0.62478738,0.62047000314,25107.984405013267,15687.151793489098,6.2749,-114.6755,-1.1056,-1.1588,0.0000,13,0.8500
short,sweep,sl,2026-06-25T05:10:00.000Z,2026-06-25T05:15:00.000Z,2026-06-25T06:45:00.000Z,0.63111061,0.63365443932,43580.2888526222,27503.982681754598,11.0016,-121.8624,-1.1880,-1.3550,0.8542,18,0.8500
short,sweep,sl,2026-06-25T07:00:00.000Z,2026-06-25T07:05:00.000Z,2026-06-25T08:00:00.000Z,0.63500944,0.6379643318999999,36677.410297629875,23290.501773748183,9.3162,-117.6940,-1.1611,-1.1907,0.7995,11,0.8500
long,sigma,sl,2026-06-25T14:00:00.000Z,2026-06-25T14:05:00.000Z,2026-06-26T02:10:00.000Z,0.5850754699999999,0.57058497314,6996.396057131721,4093.419711432488,1.6374,-103.0186,-1.0283,-1.1506,1.5241,145,0.6201
short,sweep,tp,2026-06-26T08:00:00.000Z,2026-06-26T08:05:00.000Z,2026-06-26T10:50:00.000Z,0.60301904,0.5857531999999999,16534.996387793388,9970.917648170636,3.9884,281.5022,2.8391,-0.0302,2.9382,33,0.8500
long,sweep,sl,2026-06-26T18:30:00.000Z,2026-06-26T18:35:00.000Z,2026-06-26T18:50:00.000Z,0.6062818299999999,0.60350909294,39345.168982037634,23854.261052089012,9.5417,-118.6355,-1.1635,-1.2663,0.0842,3,0.8500
long,sweep,sl,2026-06-26T20:00:00.000Z,2026-06-26T20:05:00.000Z,2026-06-26T20:30:00.000Z,0.60498144,0.6003164510200001,22471.6523138005,13594.932575982357,5.4380,-110.2680,-1.0941,-1.0661,0.2048,5,0.7044
long,sweep,sl,2026-06-27T18:05:00.000Z,2026-06-27T18:10:00.000Z,2026-06-27T19:20:00.000Z,0.59357802,0.58904243424,22868.364678664704,13574.158626599732,5.4297,-109.1511,-1.0950,-1.0273,0.0739,14,0.7584
long,sweep,sl,2026-06-28T05:30:00.000Z,2026-06-28T05:35:00.000Z,2026-06-28T06:15:00.000Z,0.58177448,0.5769702569800002,21288.246888898986,12384.958763900824,4.9540,-107.2275,-1.0876,-1.0310,0.3294,8,0.8500
short,sigma,tp,2026-06-28T08:40:00.000Z,2026-06-28T08:45:00.000Z,2026-06-28T09:50:00.000Z,0.58902324,0.5826588,41369.826278061286,24367.7891125408,9.7471,253.5487,2.6001,-0.4144,2.8098,13,0.6018
long,sweep,sl,2026-06-28T15:10:00.000Z,2026-06-28T15:15:00.000Z,2026-06-28T16:25:00.000Z,0.58457532,0.5792649683600001,19478.321183352804,11386.545838821245,4.5546,-107.9914,-1.0794,-1.0076,0.1021,14,0.7335
long,sweep,tp,2026-06-29T05:10:00.000Z,2026-06-29T05:15:00.000Z,2026-06-29T06:15:00.000Z,0.57227163,0.5845146,22963.98530637077,13141.637302572852,5.2567,275.8907,2.7876,-0.2486,3.0693,12,0.7166
long,sweep,sl,2026-06-29T12:00:00.000Z,2026-06-29T12:05:00.000Z,2026-06-29T13:45:00.000Z,0.58207457,0.5732787647600001,11796.439385049584,6866.4073825838,2.7466,-106.5057,-1.0469,-1.1103,0.9074,20,0.8500
long,sweep,sl,2026-06-30T07:55:00.000Z,2026-06-30T08:00:00.000Z,2026-06-30T08:15:00.000Z,0.57377208,0.57148290368,47535.37957222698,27274.473610746183,10.9098,-119.7267,-1.1894,-1.0729,0.2493,3,0.7940
long,sweep,sl,2026-06-30T08:40:00.000Z,2026-06-30T08:45:00.000Z,2026-06-30T08:45:00.000Z,0.5679703399999999,0.56599555038,52538.37166846509,29840.236819584483,11.9361,-115.6883,-1.2200,-1.2024,0.2380,0,0.7223
long,sweep,sl,2026-06-30T12:15:00.000Z,2026-06-30T12:20:00.000Z,2026-06-30T12:20:00.000Z,0.56196854,0.55911141624,36555.65038551393,20543.1254758977,8.2173,-112.6613,-1.1460,-2.3309,0.0489,0,0.7188
long,sweep,tp,2026-06-30T13:00:00.000Z,2026-06-30T13:05:00.000Z,2026-06-30T14:00:00.000Z,0.55666695,0.5682222,23852.62928641053,13277.970394346827,5.3112,270.3119,2.7814,-0.0410,3.8860,11,0.7579
long,sweep,sl,2026-06-30T16:30:00.000Z,2026-06-30T16:35:00.000Z,2026-07-01T01:10:00.000Z,0.56666995,0.56160566774,20402.814522213735,11561.661885162132,4.6247,-107.9503,-1.0807,-1.7096,1.5177,103,0.8500
short,sweep,sl,2026-07-01T09:45:00.000Z,2026-07-01T09:50:00.000Z,2026-07-01T09:55:00.000Z,0.5848245,0.58774907184,35952.25282290736,21025.758281030383,8.4103,-113.5552,-1.1493,-1.4465,0.0000,1,0.7810
short,sweep,sl,2026-07-02T07:55:00.000Z,2026-07-02T08:00:00.000Z,2026-07-02T08:20:00.000Z,0.6062180800000001,0.60899784456,37607.820947115644,22798.54100754423,9.1194,-113.6603,-1.1637,-1.3792,0.0455,4,0.7671
short,sweep,sl,2026-07-02T12:30:00.000Z,2026-07-02T12:35:00.000Z,2026-07-02T13:25:00.000Z,0.6142156799999999,0.6202236112799999,16581.371934973726,10184.538638372802,4.0738,-103.6936,-1.0742,-1.1138,0.0542,10,0.7829
short,sweep,tp,2026-07-03T15:10:00.000Z,2026-07-03T15:15:00.000Z,2026-07-03T15:40:00.000Z,0.62401274,0.6156451999999998,31425.760090945998,19610.07466093386,7.8440,255.1123,2.6714,-0.1274,4.3479,5,0.7561
long,sweep,sl,2026-07-04T01:45:00.000Z,2026-07-04T01:50:00.000Z,2026-07-04T06:25:00.000Z,0.63098924,0.6273541372800001,28446.23134733453,17949.265898718793,7.1797,-110.5847,-1.1278,-1.2734,2.3241,55,0.8500
long,sweep,sl,2026-07-04T06:25:00.000Z,2026-07-04T06:30:00.000Z,2026-07-04T07:25:00.000Z,0.62828843,0.6251591959600001,32955.79704592644,20705.74598538376,8.2823,-111.4087,-1.1492,-1.3219,0.4799,11,0.7343
short,sweep,sl,2026-07-04T09:20:00.000Z,2026-07-04T09:25:00.000Z,2026-07-04T13:20:00.000Z,0.62601214,0.6294447768,29541.865019128545,18493.566140215804,7.3974,-108.8039,-1.1354,-1.0444,1.4218,47,0.7266
short,sigma,sl,2026-07-04T15:10:00.000Z,2026-07-04T15:15:00.000Z,2026-07-04T17:50:00.000Z,0.63710881,0.6425749146599999,17965.98299506302,11446.286046464835,4.5785,-102.7825,-1.0849,-1.3068,0.8171,31,0.5856
short,sweep,tp,2026-07-05T08:00:00.000Z,2026-07-05T08:05:00.000Z,2026-07-05T09:40:00.000Z,0.6213135500000001,0.6147649999999999,38542.35558553221,23946.88777420935,9.5788,242.8178,2.5911,-0.3646,3.0490,19,0.8500
short,sweep,sl,2026-07-05T12:55:00.000Z,2026-07-05T13:00:00.000Z,2026-07-05T14:40:00.000Z,0.619814,0.6225289026599999,38027.84129580046,23570.188424915268,9.4281,-112.6700,-1.1719,-1.4975,0.7571,20,0.8500
short,sweep,tp,2026-07-05T22:30:00.000Z,2026-07-05T22:35:00.000Z,2026-07-06T05:15:00.000Z,0.6363090499999999,0.6197551999999997,16459.846815611894,10473.549490387528,4.1894,268.2844,2.8236,-0.4488,2.9639,80,0.7021
long,sweep,tp,2026-07-06T05:30:00.000Z,2026-07-06T05:35:00.000Z,2026-07-06T08:05:00.000Z,0.61658492,0.6251881999999999,31370.61473759491,19342.64797833078,7.7371,262.1531,2.6833,-0.0594,2.7984,30,0.8500
short,sweep,tp,2026-07-06T11:35:00.000Z,2026-07-06T11:40:00.000Z,2026-07-06T12:00:00.000Z,0.62191337,0.615662,43007.1053365824,26746.693813818943,10.6987,258.1547,2.5733,-0.4230,9.0513,4,0.8500
short,sweep,sl,2026-07-06T16:10:00.000Z,2026-07-06T16:15:00.000Z,2026-07-06T21:05:00.000Z,0.63191037,0.63535835034,31589.692066105476,19961.854001678777,7.9847,-116.9054,-1.1361,-2.9746,1.7837,58,0.7258
short,sweep,tp,2026-07-06T21:10:00.000Z,2026-07-06T21:15:00.000Z,2026-07-07T03:10:00.000Z,0.639808,0.62113,15694.562918695123,10041.50691188449,4.0166,289.1264,2.8420,-0.1222,3.1793,71,0.7035
short,sweep,tp,2026-07-07T11:50:00.000Z,2026-07-07T11:55:00.000Z,2026-07-07T14:35:00.000Z,0.64320698,0.6281167999999998,19787.2348467281,12727.287568314745,5.0909,293.5020,2.8053,-0.9254,3.4435,32,0.7859
short,sweep,tp,2026-07-07T16:00:00.000Z,2026-07-07T16:05:00.000Z,2026-07-07T18:45:00.000Z,0.64740572,0.6349969999999999,24471.351422072923,15842.892886780144,6.3372,297.3210,2.7643,-0.9315,3.5506,32,0.8500
long,sweep,sl,2026-07-08T08:30:00.000Z,2026-07-08T08:35:00.000Z,2026-07-08T08:40:00.000Z,0.61628483,0.6128874785799999,34396.78206310396,21198.214986307074,8.4793,-125.3372,-1.1339,-1.5201,0.2537,1,0.7302
long,sweep,sl,2026-07-08T08:40:00.000Z,2026-07-08T08:45:00.000Z,2026-07-08T12:45:00.000Z,0.61538456,0.6099941468400001,20985.351303010484,12914.061178048532,5.1656,-118.2853,-1.0824,-3.3769,1.8273,48,0.8500
short,sweep,sl,2026-07-09T00:00:00.000Z,2026-07-09T00:05:00.000Z,2026-07-09T01:05:00.000Z,0.6158152,0.61952200086,30700.206071633183,18905.653542044005,7.5623,-121.3618,-1.1227,-1.8133,0.9131,12,0.8500
long,sweep,sl,2026-07-09T02:50:00.000Z,2026-07-09T02:55:00.000Z,2026-07-09T03:15:00.000Z,0.61788531,0.6150824199,40820.9140481328,25222.64313111389,10.0891,-124.5056,-1.1649,-1.7512,0.1966,4,0.7365
short,sweep,sl,2026-07-09T05:00:00.000Z,2026-07-09T05:05:00.000Z,2026-07-09T05:10:00.000Z,0.6274117200000001,0.6318502982399999,24861.08793674469,15598.13794346424,6.2393,-116.5871,-1.1037,-1.0798,0.0969,1,0.7493
long,sweep,sl,2026-07-09T19:25:00.000Z,2026-07-09T19:30:00.000Z,2026-07-09T20:05:00.000Z,0.62708807,0.62466034566,46633.16481455116,29243.101321548795,11.6972,-124.9097,-1.1956,-1.0213,0.1392,7,0.7698
short,sweep,sl,2026-07-10T01:30:00.000Z,2026-07-10T01:35:00.000Z,2026-07-10T01:45:00.000Z,0.6255122900000001,0.62854270626,36321.27092029625,22719.40134906492,9.0878,-119.1563,-1.1544,-3.9015,0.0747,2,0.7064
long,sweep,sl,2026-07-10T08:00:00.000Z,2026-07-10T08:05:00.000Z,2026-07-10T14:15:00.000Z,0.62928873,0.62575781632,30519.3694938254,19205.49526917013,7.6822,-115.4435,-1.1315,-1.3427,2.0673,74,0.7153
short,sweep,tp,2026-07-11T17:00:00.000Z,2026-07-11T17:05:00.000Z,2026-07-11T23:20:00.000Z,0.64270713,0.6279204000000003,19451.29648506656,12501.486938696216,5.0006,282.6205,2.8017,-0.8278,3.4529,75,0.8020
long,sigma,sl,2026-07-11T23:25:00.000Z,2026-07-11T23:30:00.000Z,2026-07-12T00:00:00.000Z,0.62628783,0.62166724386,23387.75107685328,14647.463870502605,5.8590,-113.9241,-1.0986,-1.0572,0.2283,6,0.5489
short,sweep,sl,2026-07-12T03:35:00.000Z,2026-07-12T03:40:00.000Z,2026-07-12T04:15:00.000Z,0.6277116300000001,0.62974546698,49017.451947052075,30768.824660130736,12.3075,-112.0010,-1.2385,-1.0777,0.3315,7,0.8326
short,sweep,tp,2026-07-12T08:15:00.000Z,2026-07-12T08:20:00.000Z,2026-07-12T22:00:00.000Z,0.62301304,0.6137494,30397.924733638967,18938.303497995603,7.5753,274.0201,2.7012,-0.3856,5.1280,164,0.8500
long,sweep,tp,2026-07-12T23:15:00.000Z,2026-07-12T23:20:00.000Z,2026-07-13T00:05:00.000Z,0.6059817399999999,0.6139258000000002,36045.219456850304,21842.744805144,8.7371,277.6083,2.6646,-0.0629,2.7742,9,0.7823
short,sweep,sl,2026-07-13T05:45:00.000Z,2026-07-13T05:50:00.000Z,2026-07-14T12:30:00.000Z,0.6012195800000001,0.61080198564,11379.563675121613,6841.616493339874,2.7366,-111.7802,-1.0451,-1.1150,2.5023,368,0.8500
long,sweep,sl,2026-07-16T03:25:00.000Z,2026-07-16T03:30:00.000Z,2026-07-16T03:45:00.000Z,0.62198654,0.61977161272,51049.92468281878,31752.36602072705,12.7009,-125.7728,-1.2143,-1.4227,0.2531,3,0.8232
long,sweep,sl,2026-07-16T03:50:00.000Z,2026-07-16T03:55:00.000Z,2026-07-16T06:20:00.000Z,0.61998594,0.6174769013400001,45006.53769216532,27903.420577222547,11.1614,-124.0845,-1.1865,-1.5432,0.6516,29,0.8500
long,sweep,sl,2026-07-16T17:15:00.000Z,2026-07-16T17:20:00.000Z,2026-07-16T23:20:00.000Z,0.61188351,0.60740012528,24026.971359545663,14701.707570148272,5.8807,-113.6028,-1.0993,-1.1819,2.0033,72,0.7279
long,sweep,sl,2026-07-17T02:10:00.000Z,2026-07-17T02:15:00.000Z,2026-07-17T05:45:00.000Z,0.60448129,0.5996180606,21823.67916387027,13192.005733522421,5.2768,-111.4104,-1.0901,-1.2345,2.6304,42,0.7410
long,sweep,tp,2026-07-17T08:35:00.000Z,2026-07-17T08:40:00.000Z,2026-07-17T08:50:00.000Z,0.59497844,0.6001652000000001,50972.86287575514,30327.754436150706,12.1311,252.2529,2.5161,-0.0907,2.8582,2,0.7199
long,sweep,sl,2026-07-17T12:20:00.000Z,2026-07-17T12:25:00.000Z,2026-07-17T12:35:00.000Z,0.60358102,0.60091507138,41685.79422112623,25160.754195497473,10.0643,-121.1965,-1.1697,-1.1591,0.0000,2,0.7120
short,sweep,sl,2026-07-17T14:15:00.000Z,2026-07-17T14:20:00.000Z,2026-07-17T16:00:00.000Z,0.60261916,0.6061914028800001,30203.477707720234,18201.194365305095,7.2805,-115.1746,-1.1247,-1.0267,1.7753,20,0.7908
short,sweep,sl,2026-07-17T18:35:00.000Z,2026-07-17T18:40:00.000Z,2026-07-17T18:45:00.000Z,0.61251619,0.61521210828,40316.528404352735,24694.526372260916,9.8778,-118.5679,-1.1710,-1.1483,0.4444,1,0.7235
short,sweep,sl,2026-07-17T19:55:00.000Z,2026-07-17T20:00:00.000Z,2026-07-17T21:10:00.000Z,0.61471553,0.6174171696,39764.29436288615,24443.72928435757,9.7775,-117.2063,-1.1713,-2.0205,0.5228,14,0.7286
short,sweep,tp,2026-07-18T01:35:00.000Z,2026-07-18T01:40:00.000Z,2026-07-18T08:55:00.000Z,0.6244126200000001,0.6121350000000003,22774.052707287035,14220.405918975193,5.6882,273.9230,2.7699,-0.0432,3.3651,87,0.8500
short,sweep,tp,2026-07-19T07:45:00.000Z,2026-07-19T07:50:00.000Z,2026-07-19T12:05:00.000Z,0.6054183200000001,0.5974574,35095.66039386711,21247.555754945566,8.4990,270.8947,2.6654,-0.1318,2.8379,51,0.8500
long,sweep,sl,2026-07-19T17:00:00.000Z,2026-07-19T17:05:00.000Z,2026-07-20T01:50:00.000Z,0.59477838,0.58904243424,18769.273210401225,11163.55791385984,4.4654,-112.1250,-1.0746,-1.0214,1.0652,105,0.8258
short,sweep,sl,2026-07-20T11:35:00.000Z,2026-07-20T11:40:00.000Z,2026-07-20T11:40:00.000Z,0.59092267,0.59396333556,36059.19193274721,21308.19397494144,8.5233,-118.1672,-1.1448,-1.6689,0.0079,0,0.8500
long,sweep,tp,2026-07-20T14:20:00.000Z,2026-07-20T14:25:00.000Z,2026-07-20T15:45:00.000Z,0.5841751999999999,0.5979829999999997,21098.97160519376,12325.495957258385,4.9302,286.4002,2.8068,-0.2430,3.1274,16,0.8500
short,sweep,sl,2026-07-20T18:15:00.000Z,2026-07-20T18:20:00.000Z,2026-07-20T23:20:00.000Z,0.60151949,0.60508887222,30963.88283470033,18625.379011148696,7.4502,-117.9721,-1.1246,-1.0273,2.0424,60,0.8500
short,sweep,sl,2026-07-21T00:10:00.000Z,2026-07-21T00:15:00.000Z,2026-07-21T04:00:00.000Z,0.6043186500000001,0.60769485378,32474.87513891679,19625.172702868756,7.8501,-117.4919,-1.1327,-1.0274,2.5732,45,0.8500
short,sweep,tp,2026-07-21T08:00:00.000Z,2026-07-21T08:05:00.000Z,2026-07-21T15:00:00.000Z,0.61801454,0.6102823999999998,36304.62030727117,22436.78321907285,8.9747,271.7377,2.6499,-0.4905,3.2268,83,0.8500
short,sweep,sl,2026-07-21T19:50:00.000Z,2026-07-21T19:55:00.000Z,2026-07-21T21:25:00.000Z,0.6124162200000001,0.61581348864,32766.68152478421,20066.847241352185,8.0267,-119.3440,-1.1337,-1.4268,0.0050,18,0.8068
short,sweep,tp,2026-07-21T21:25:00.000Z,2026-07-21T21:30:00.000Z,2026-07-22T03:55:00.000Z,0.61491547,0.6056980000000001,31360.91767985069,19284.313434736698,7.7137,281.3546,2.7035,-0.3569,2.9879,77,0.8500
long,sweep,sl,2026-07-23T11:00:00.000Z,2026-07-23T11:05:00.000Z,2026-07-23T12:35:00.000Z,0.61798534,0.6155812702000001,48161.02628404752,29762.808202896045,11.9051,-127.6876,-1.1946,-1.2100,1.5386,18,0.7136
short,sweep,sl,2026-07-23T14:20:00.000Z,2026-07-23T14:25:00.000Z,2026-07-23T14:30:00.000Z,0.62021388,0.6229298229,41757.13930227121,25898.35738436212,10.3593,-123.7693,-1.1720,-2.7227,0.0846,1,0.8491
long,sweep,sl,2026-07-24T08:25:00.000Z,2026-07-24T08:30:00.000Z,2026-07-24T09:10:00.000Z,0.62048609,0.61767644146,39771.18483951954,24677.466975740757,9.8710,-121.6140,-1.1652,-1.2903,1.0342,8,0.7067
long,sweep,sl,2026-07-24T22:00:00.000Z,2026-07-24T22:05:00.000Z,2026-07-25T06:20:00.000Z,0.59997994,0.59602633844,27327.705293719442,16396.074982463473,6.5584,-114.6013,-1.1110,-1.2133,0.9855,99,0.7715
long,sweep,tp,2026-07-26T01:10:00.000Z,2026-07-26T01:15:00.000Z,2026-07-26T07:00:00.000Z,0.6082824299999999,0.6165389999999998,34054.866712853574,20714.97707742068,8.2860,272.8904,2.6752,-0.9289,2.7768,69,0.8500
short,sweep,sl,2026-07-26T08:30:00.000Z,2026-07-26T08:35:00.000Z,2026-07-26T10:45:00.000Z,0.62361286,0.62834224614,23065.24054445227,14383.78062251384,5.7535,-114.8379,-1.0964,-1.0542,0.7075,26,0.7408
long,sweep,sl,2026-07-27T07:00:00.000Z,2026-07-27T07:05:00.000Z,2026-07-27T12:10:00.000Z,0.6246873500000001,0.6210686235,30180.34116158437,18853.277342326062,7.5413,-116.7557,-1.1271,-1.2491,1.4313,61,0.7563
short,sweep,tp,2026-07-28T09:50:00.000Z,2026-07-28T09:55:00.000Z,2026-07-28T13:35:00.000Z,0.58432465,0.5752816000000001,31532.39132219648,18425.153523005494,7.3701,277.7789,2.7121,-0.8852,3.5789,44,0.7314
short,sweep,sl,2026-07-28T21:35:00.000Z,2026-07-28T21:40:00.000Z,2026-07-29T00:05:00.000Z,0.58692387,0.58975367304,39654.165836476124,23273.976474366355,9.3096,-121.5231,-1.1552,-1.0841,1.5545,29,0.8500
long,sweep,sl,2026-07-29T02:00:00.000Z,2026-07-29T02:05:00.000Z,2026-07-29T03:25:00.000Z,0.57797334,0.57407692524,27921.74716212016,16138.02546592611,6.4552,-115.2499,-1.1083,-1.2280,1.0812,16,0.8500
long,sweep,sl,2026-07-29T04:05:00.000Z,2026-07-29T04:10:00.000Z,2026-07-29T12:15:00.000Z,0.56987091,0.56409991924,18357.250963866336,10461.263311876886,4.1845,-110.1240,-1.0709,-1.1195,1.4155,97,0.8500
long,sweep,sl,2026-07-29T15:00:00.000Z,2026-07-29T15:05:00.000Z,2026-07-29T17:05:00.000Z,0.56136836,0.55541992402,17595.119130962838,9877.343170553233,3.9509,-108.6144,-1.0677,-1.3955,0.1957,24,0.7276
long,sweep,tp,2026-07-29T17:05:00.000Z,2026-07-29T17:10:00.000Z,2026-07-29T18:50:00.000Z,0.55746719,0.5726197999999999,19083.924884541455,10638.6619795564,4.2555,284.9158,2.8309,-0.0317,2.9642,20,0.8500
long,sweep,sl,2026-07-29T20:10:00.000Z,2026-07-29T20:15:00.000Z,2026-07-29T20:25:00.000Z,0.5595678199999999,0.55432245336,20376.72036719199,11402.15699461922,4.5609,-111.4442,-1.0768,-1.4703,0.2229,2,0.7596
long,sweep,tp,2026-07-29T21:05:00.000Z,2026-07-29T21:10:00.000Z,2026-07-30T01:30:00.000Z,0.55426623,0.5673048000000004,22413.121319954495,12422.8362565438,4.9691,287.2659,2.8059,-0.4086,3.1818,52,0.7016
short,sweep,sl,2026-07-30T01:35:00.000Z,2026-07-30T01:40:00.000Z,2026-07-30T01:50:00.000Z,0.5678295999999999,0.57091042176,36174.04011767512,20540.690730403414,8.2163,-119.6620,-1.1369,-1.0209,0.0445,2,0.8500
short,sweep,sl,2026-07-30T07:05:00.000Z,2026-07-30T07:10:00.000Z,2026-07-30T09:45:00.000Z,0.5671298100000001,0.56940697086,49399.85789148791,28016.132020026544,11.2065,-123.6979,-1.1888,-1.2677,1.5333,31,0.7829
long,sweep,sl,2026-07-30T23:10:00.000Z,2026-07-30T23:15:00.000Z,2026-07-31T02:35:00.000Z,0.5707711799999999,0.56759187134,34170.512235765374,19503.54359001224,7.8014,-116.4400,-1.1325,-1.0207,1.9039,40,0.8425
short,sweep,sl,2026-07-31T17:00:00.000Z,2026-07-31T17:05:00.000Z,2026-07-31T17:50:00.000Z,0.56303104,0.56569845864,40698.060533491014,22914.2713481544,9.1657,-117.7245,-1.1581,-1.2287,0.2126,9,0.7063
short,sweep,sl,2026-08-01T12:00:00.000Z,2026-08-01T12:05:00.000Z,2026-08-01T15:10:00.000Z,0.55853239,0.56038626546,53968.26293634558,30143.022881985515,12.0572,-112.1076,-1.2322,-1.0485,1.0276,37,0.7183
long,sweep,sl,2026-08-01T17:15:00.000Z,2026-08-01T17:20:00.000Z,2026-08-01T17:25:00.000Z,0.55586671,0.5535242928799999,45653.26927949389,25377.13259513634,10.1509,-117.0899,-1.1785,-1.1794,0.1072,1,0.7672
short,sweep,sl,2026-08-02T04:45:00.000Z,2026-08-02T04:50:00.000Z,2026-08-02T04:50:00.000Z,0.5645305899999999,0.56650029912,52176.854370195644,29455.430381950624,11.7822,-114.5554,-1.2199,-1.0387,0.0000,0,0.8500
long,sweep,sl,2026-08-02T08:15:00.000Z,2026-08-02T08:20:00.000Z,2026-08-02T08:30:00.000Z,0.56506947,0.56280290846,46260.47660463824,26140.38299693033,10.4562,-115.3084,-1.1883,-1.1296,0.0000,2,0.8500
long,sweep,sl,2026-08-02T12:05:00.000Z,2026-08-02T12:10:00.000Z,2026-08-02T13:30:00.000Z,0.5630688699999999,0.5612065875,51087.60332798347,28765.839076895885,11.5063,-106.6459,-1.2324,-1.1033,0.7859,16,0.7490
short,sweep,sl,2026-08-03T06:00:00.000Z,2026-08-03T06:05:00.000Z,2026-08-03T11:35:00.000Z,0.56033185,0.56299224702,38056.49952983695,21324.268786077664,8.5297,-109.7751,-1.1577,-1.2314,2.5012,66,0.8500
short,sweep,sl,2026-08-03T13:20:00.000Z,2026-08-03T13:25:00.000Z,2026-08-03T13:40:00.000Z,0.56533035,0.56710167948,49734.77207566152,28116.576104703956,11.2466,-99.3433,-1.2474,-1.1676,2.2672,3,0.7823
short,sweep,sl,2026-08-03T16:15:00.000Z,2026-08-03T16:20:00.000Z,2026-08-03T17:20:00.000Z,0.56962906,0.57261433278,32957.941726439734,18773.801365166644,7.5095,-105.8980,-1.1420,-1.0204,0.5435,12,0.8166
short,sweep,sl,2026-08-03T20:35:00.000Z,2026-08-03T20:40:00.000Z,2026-08-03T21:40:00.000Z,0.5759271699999999,0.57892882656,32414.616427808774,18668.458305903416,7.4674,-104.7649,-1.1429,-1.0512,0.5047,12,0.8271
long,sweep,sl,2026-08-03T22:05:00.000Z,2026-08-03T22:10:00.000Z,2026-08-04T00:25:00.000Z,0.5749724399999999,0.5719817539800001,32146.354220839356,18483.2677234603,7.3933,-103.5330,-1.1425,-1.0899,0.5064,27,0.8390
long,sweep,tp,2026-08-04T00:55:00.000Z,2026-08-04T01:00:00.000Z,2026-08-04T02:00:00.000Z,0.57067115,0.5754200000000003,47095.35192563797,26875.958643058537,10.7504,212.8984,2.4960,-0.7571,3.0527,12,0.8500
long,sweep,tp,2026-08-04T12:30:00.000Z,2026-08-04T12:35:00.000Z,2026-08-04T16:30:00.000Z,0.5723716600000001,0.5792260000000002,36486.84093932377,20884.033716596707,8.3536,241.7396,2.6358,-0.8639,2.7961,47,0.8500
short,sweep,sl,2026-08-05T05:25:00.000Z,2026-08-05T05:30:00.000Z,2026-08-05T06:40:00.000Z,0.5800259400000001,0.5824368786599999,42093.90169028775,24415.55489617674,9.7662,-111.2520,-1.1819,-1.1063,0.3693,14,0.7837
short,sweep,sl,2026-08-05T12:10:00.000Z,2026-08-05T12:15:00.000Z,2026-08-05T14:45:00.000Z,0.58752369,0.5906557435800001,31479.939566680056,18495.21025519287,7.3981,-105.9949,-1.1395,-1.0411,2.4446,30,0.7762
short,sweep,sl,2026-08-05T17:05:00.000Z,2026-08-05T17:10:00.000Z,2026-08-06T02:10:00.000Z,0.59442162,0.5973711575999999,33194.16066019105,19731.326754171034,7.8925,-105.8000,-1.1505,-1.4360,2.2819,108,0.7299
short,sweep,sl,2026-08-06T04:35:00.000Z,2026-08-06T04:40:00.000Z,2026-08-06T05:00:00.000Z,0.59942012,0.60218220048,35213.30370682109,21107.562733539144,8.4430,-105.7050,-1.1628,-1.3480,0.8600,4,0.8500
short,sweep,tp,2026-08-06T16:45:00.000Z,2026-08-06T16:50:00.000Z,2026-08-06T17:40:00.000Z,0.59242222,0.5875414000000001,45497.3089365733,26953.616764230595,10.7814,211.2827,2.4914,-0.3636,2.6944,10,0.7270
short,sweep,sl,2026-08-06T20:05:00.000Z,2026-08-06T20:10:00.000Z,2026-08-06T20:35:00.000Z,0.58952309,0.5913573539999999,46796.24160323375,27587.464950324917,11.0350,-96.8716,-1.2494,-1.2535,0.3157,5,0.7331
short,sweep,sl,2026-08-07T00:10:00.000Z,2026-08-07T00:15:00.000Z,2026-08-07T12:30:00.000Z,0.5918224,0.59676977724,19081.76747508566,11293.017423347135,4.5172,-98.9219,-1.0872,-1.2116,1.6824,147,0.7023
short,sweep,sl,2026-08-07T12:30:00.000Z,2026-08-07T12:35:00.000Z,2026-08-08T09:00:00.000Z,0.59132255,0.59897483856,12043.95775761685,7121.8638133262775,2.8487,-95.0126,-1.0557,-1.1345,2.2780,245,0.8500
long,sweep,sl,2026-08-09T01:50:00.000Z,2026-08-09T01:55:00.000Z,2026-08-09T02:45:00.000Z,0.60528153,0.60301024264,42601.00322941738,25785.60041423669,10.3142,-107.0734,-1.2024,-1.0915,0.3916,10,0.7685
long,sweep,tp,2026-08-09T03:00:00.000Z,2026-08-09T03:05:00.000Z,2026-08-09T03:25:00.000Z,0.60298084,0.6115066000000002,28536.58125658559,17207.01173682423,6.8828,236.4132,2.6871,-0.5776,4.0607,4,0.8500
long,sweep,sl,2026-08-09T06:10:00.000Z,2026-08-09T06:15:00.000Z,2026-08-09T10:45:00.000Z,0.59837946,0.59602633844,41551.40317188359,24863.50619223399,9.9454,-107.7209,-1.1923,-1.1404,1.2972,54,0.7536
long,sweep,sl,2026-08-09T18:00:00.000Z,2026-08-09T18:05:00.000Z,2026-08-09T22:35:00.000Z,0.59907967,0.5964254186800001,36063.27584837728,21604.775394364828,8.6419,-104.3629,-1.1691,-1.4058,1.7454,54,0.7016
long,sigma,sl,2026-08-09T23:00:00.000Z,2026-08-09T23:05:00.000Z,2026-08-09T23:15:00.000Z,0.59467835,0.5921353061,37297.95410082654,22180.28580305526,8.8721,-103.7224,-1.1757,-1.0901,0.0937,2,0.5109
long,sigma,sl,2026-08-09T23:35:00.000Z,2026-08-09T23:40:00.000Z,2026-08-09T23:55:00.000Z,0.59047709,0.58824427376,42399.41411113731,25035.8826620493,10.0144,-104.6845,-1.2007,-1.2046,0.0000,3,0.5142
short,sweep,tp,2026-08-10T05:55:00.000Z,2026-08-10T06:00:00.000Z,2026-08-10T09:45:00.000Z,0.59772063,0.5913065999999999,36235.79580257433,21658.88269566608,8.6636,223.7539,2.5976,-0.7906,2.8272,45,0.7864
long,sweep,sl,2026-08-11T09:15:00.000Z,2026-08-11T09:20:00.000Z,2026-08-11T10:15:00.000Z,0.5843752600000001,0.5811605995000001,29068.627680112808,16986.98685840912,6.7948,-100.2406,-1.1342,-1.1102,0.5015,11,0.8500
long,sweep,sl,2026-08-11T23:05:00.000Z,2026-08-11T23:10:00.000Z,2026-08-11T23:10:00.000Z,0.5799739399999999,0.57806772764,45195.36533902644,26212.134105414596,10.4849,-96.6368,-1.2340,-1.0238,0.0000,0,0.7110
long,sweep,sl,2026-08-11T23:15:00.000Z,2026-08-11T23:20:00.000Z,2026-08-12T00:10:00.000Z,0.5788736099999999,0.57627186656,35576.02783862161,20594.023664403387,8.2376,-100.7973,-1.1665,-1.0184,0.4226,10,0.8500
long,sweep,sl,2026-08-12T04:00:00.000Z,2026-08-12T04:05:00.000Z,2026-08-12T05:00:00.000Z,0.5761727999999999,0.57377761506,38416.301893639284,22134.428227703447,8.8538,-100.8679,-1.1811,-1.0674,0.1922,11,0.8500
long,sweep,sl,2026-08-12T06:15:00.000Z,2026-08-12T06:20:00.000Z,2026-08-12T06:30:00.000Z,0.57177148,0.56948750248,39937.323678794666,22835.02266706347,9.1340,-100.3500,-1.1891,-2.4000,0.1081,2,0.7281
short,sweep,sl,2026-08-12T09:30:00.000Z,2026-08-12T09:35:00.000Z,2026-08-12T12:25:00.000Z,0.5698289999999999,0.57241387266,34554.64127863479,19690.236685163178,7.8761,-97.1954,-1.1656,-1.3555,0.7579,34,0.8500
short,sweep,tp,2026-08-12T12:30:00.000Z,2026-08-12T12:35:00.000Z,2026-08-12T14:15:00.000Z,0.57242822,0.5667595999999999,38901.200762630164,22268.14510841503,8.9073,211.6089,2.5676,-0.3171,3.2230,20,0.8500
long,sweep,sl,2026-08-12T14:30:00.000Z,2026-08-12T14:35:00.000Z,2026-08-12T21:05:00.000Z,0.5660697699999999,0.5617054378,20146.813237601353,11404.50193564195,4.5618,-92.4892,-1.0941,-1.0653,0.8414,78,0.8500
long,sweep,sl,2026-08-12T22:00:00.000Z,2026-08-12T22:05:00.000Z,2026-08-14T02:00:00.000Z,0.5570670699999999,0.55043142102,12921.24107101734,7197.99790419529,2.8792,-88.6200,-1.0600,-1.2468,1.7206,335,0.7751
long,sweep,sl,2026-08-14T04:00:00.000Z,2026-08-14T04:05:00.000Z,2026-08-14T05:20:00.000Z,0.54936476,0.5447445276,18560.636543102188,10196.559639948564,4.0786,-89.8331,-1.0860,-1.1364,0.4791,15,0.8362
short,sweep,sl,2026-08-14T23:30:00.000Z,2026-08-14T23:35:00.000Z,2026-08-14T23:45:00.000Z,0.53863836,0.54134255406,32190.055919359267,17338.798928711967,6.9355,-93.9837,-1.1486,-1.0471,0.0000,2,0.7205
short,sweep,sl,2026-08-15T01:25:00.000Z,2026-08-15T01:30:00.000Z,2026-08-15T02:15:00.000Z,0.5424372199999999,0.5444496859200001,43739.46017275914,23725.911180412186,9.4904,-97.5145,-1.2056,-2.1971,0.2364,9,0.7762
long,sweep,sl,2026-08-15T13:35:00.000Z,2026-08-15T13:40:00.000Z,2026-08-15T18:15:00.000Z,0.53996194,0.53646361262,23943.317009348226,12928.479902402665,5.1714,-88.9330,-1.1130,-1.5168,1.6594,55,0.8500
short,sweep,sl,2026-08-15T20:40:00.000Z,2026-08-15T20:45:00.000Z,2026-08-15T22:10:00.000Z,0.53833845,0.53993933322,44034.190788573374,23705.29801612487,9.4821,-79.9757,-1.2622,-1.4327,0.9302,17,0.8500
long,sweep,sl,2026-08-16T01:30:00.000Z,2026-08-16T01:35:00.000Z,2026-08-16T01:55:00.000Z,0.5361608,0.5327721204000001,24225.069031928255,12988.532392213878,5.1954,-87.2864,-1.1159,-1.7222,0.0000,4,0.7252
short,sweep,sl,2026-08-16T12:00:00.000Z,2026-08-16T12:05:00.000Z,2026-08-16T15:50:00.000Z,0.5336398600000001,0.5362308210000001,31827.400391890715,16984.36948929251,6.7937,-89.2573,-1.1540,-1.0123,0.9217,45,0.7659
long,sweep,tp,2026-08-17T00:00:00.000Z,2026-08-17T00:05:00.000Z,2026-08-17T02:50:00.000Z,0.5196558499999999,0.5289043999999999,23233.241389672126,12073.289802605248,4.8293,210.0445,2.7474,-0.4424,3.0219,33,0.7667
long,sigma,sl,2026-08-18T03:15:00.000Z,2026-08-18T03:20:00.000Z,2026-08-18T05:30:00.000Z,0.5204560899999999,0.5178066114000001,31495.619871881485,16392.087170645736,6.5568,-90.0038,-1.1458,-1.1451,0.7393,26,0.5216
long,sweep,tp,2026-08-18T05:35:00.000Z,2026-08-18T05:40:00.000Z,2026-08-18T10:15:00.000Z,0.51885561,0.5278001999999999,24350.15020621877,12634.212038839265,5.0537,212.7484,2.7397,-0.2056,3.0870,55,0.7107
short,sweep,sl,2026-08-18T14:30:00.000Z,2026-08-18T14:35:00.000Z,2026-08-18T18:25:00.000Z,0.5279415700000001,0.5307181677,30480.41657706591,16091.878981950205,6.4368,-91.0686,-1.1415,-1.0157,1.0856,46,0.7524
short,sweep,tp,2026-08-18T23:35:00.000Z,2026-08-18T23:40:00.000Z,2026-08-19T00:10:00.000Z,0.5288413000000001,0.5246236000000001,44741.02383820071,23660.901209925054,9.4644,179.2399,2.4768,-0.0981,2.8076,6,0.7026
long,sweep,tp,2026-08-19T00:15:00.000Z,2026-08-19T00:20:00.000Z,2026-08-19T03:10:00.000Z,0.5251575,0.5311440000000002,36573.14407496316,19206.660909547467,7.6827,211.2625,2.6191,-0.3888,3.0118,34,0.7273
short,sweep,sl,2026-08-19T03:20:00.000Z,2026-08-19T03:25:00.000Z,2026-08-19T06:20:00.000Z,0.53194037,0.53402575968,42994.70394900546,22870.618726674427,9.1482,-98.8090,-1.1937,-1.1218,0.8001,35,0.7061
short,sweep,sl,2026-08-19T11:25:00.000Z,2026-08-19T11:30:00.000Z,2026-08-19T12:25:00.000Z,0.5318404,0.5336248394399999,46134.10580866253,24535.9812869214,9.8144,-92.1379,-1.2295,-1.1448,0.2096,11,0.7119
short,sweep,tp,2026-08-19T12:45:00.000Z,2026-08-19T12:50:00.000Z,2026-08-19T14:00:00.000Z,0.53423968,0.5299911999999998,45409.520228027184,24259.56755557477,9.7038,183.2176,2.4754,-0.0984,3.0306,14,0.8048
long,sweep,tp,2026-08-19T14:00:00.000Z,2026-08-19T14:05:00.000Z,2026-08-19T15:05:00.000Z,0.53095924,0.5384758000000003,30427.619469876154,16155.825708734646,6.4623,222.2487,2.6875,-0.3161,3.6208,12,0.7582
short,sweep,sl,2026-08-19T20:10:00.000Z,2026-08-19T20:15:00.000Z,2026-08-19T20:50:00.000Z,0.55043482,0.5524680907199999,45470.54919800045,25028.573563102524,10.0114,-102.4654,-1.2066,-3.8902,1.2502,7,0.7725
long,sweep,tp,2026-08-20T01:15:00.000Z,2026-08-20T01:20:00.000Z,2026-08-20T08:35:00.000Z,0.55836746,0.5693336000000001,21629.953286413736,12077.462076453492,4.8310,232.3661,2.7697,-0.9198,2.9475,87,0.7838
short,sweep,sl,2026-08-20T16:10:00.000Z,2026-08-20T16:15:00.000Z,2026-08-20T16:40:00.000Z,0.57122858,0.57662353518,16510.640657235777,9431.34981752306,3.7725,-92.8467,-1.0769,-1.2201,0.0629,5,0.8500
short,sweep,sl,2026-08-21T06:10:00.000Z,2026-08-21T06:15:00.000Z,2026-08-21T07:15:00.000Z,0.58852339,0.59215919448,24663.172179318182,14514.853699126024,5.8059,-95.4764,-1.1194,-1.6704,1.4526,12,0.8500
short,sweep,sl,2026-08-21T09:00:00.000Z,2026-08-21T09:05:00.000Z,2026-08-21T09:30:00.000Z,0.6095170900000001,0.62232844254,6680.206082233884,4071.6997718434986,1.6287,-87.2112,-1.0341,-1.0046,0.6905,5,0.8251
short,sweep,sl,2026-08-21T21:25:00.000Z,2026-08-21T21:30:00.000Z,2026-08-21T21:30:00.000Z,0.63350989,0.6374631816,22185.303719922144,14054.609319224468,5.6218,-93.3268,-1.1182,-2.1504,0.0000,0,0.8093
short,sweep,sl,2026-08-21T22:10:00.000Z,2026-08-21T22:15:00.000Z,2026-08-21T22:35:00.000Z,0.6508047,0.6541013715599999,26618.379226604564,17323.366307056614,6.9293,-94.6814,-1.1472,-1.3209,1.4529,4,0.7331
short,sweep,sl,2026-08-22T02:35:00.000Z,2026-08-22T02:40:00.000Z,2026-08-22T02:55:00.000Z,0.66909921,0.6735460032,19219.671830446627,12859.867238211093,5.1439,-90.6099,-1.1106,-1.3901,0.0000,3,0.8500