symbol,timeframe,days,config,trades,win_rate,total_pnl,avg_pnl,max_dd,sharpe
BTC_USDT,Min5,30,base,12,75.0,2092.75,0,0,0
BTC_USDT,Min5,30,tight-stop,12,75.0,2092.75,0,0,0
BTC_USDT,Min5,30,wide-stop,0,,0,0,0,0
BTC_USDT,Min5,30,conservative,0,,0,0,0,0
BTC_USDT,Min5,30,aggressive,16,50.0,1135.38,0,0,0
BTC_USDT,Min5,30,high-rr,9,33.3,133.18,0,0,0
BTC_USDT,Min5,30,low-rr,18,61.1,1252.90,0,0,0
BTC_USDT,Min5,60,base,41,31.7,291.35,0,0,0
BTC_USDT,Min5,60,tight-stop,41,31.7,293.45,0,0,0
BTC_USDT,Min5,60,wide-stop,1,0.0,-105.43,0,0,0
BTC_USDT,Min5,60,conservative,1,0.0,-105.43,0,0,0
BTC_USDT,Min5,60,aggressive,53,26.4,-612.33,0,0,0
BTC_USDT,Min5,60,high-rr,35,25.7,290.61,0,0,0
BTC_USDT,Min5,60,low-rr,58,37.9,158.58,0,0,0
BTC_USDT,Min5,90,base,62,27.4,-430.72,0,0,0
BTC_USDT,Min5,90,tight-stop,62,27.4,-430.72,0,0,0
BTC_USDT,Min5,90,wide-stop,5,0.0,-512.16,0,0,0
BTC_USDT,Min5,90,conservative,5,0.0,-513.90,0,0,0
BTC_USDT,Min5,90,aggressive,89,23.6,-1679.39,0,0,0
BTC_USDT,Min5,90,high-rr,56,19.6,-947.88,0,0,0
BTC_USDT,Min5,90,low-rr,85,32.9,-910.89,0,0,0
ETH_USDT,Min5,30,base,31,41.9,1794.04,0,0,0
ETH_USDT,Min5,30,tight-stop,31,41.9,1794.04,0,0,0
ETH_USDT,Min5,30,wide-stop,1,100.0,286.94,0,0,0
ETH_USDT,Min5,30,conservative,1,100.0,286.94,0,0,0
ETH_USDT,Min5,30,aggressive,35,40.0,1735.15,0,0,0
ETH_USDT,Min5,30,high-rr,20,15.0,-662.29,0,0,0
ETH_USDT,Min5,30,low-rr,36,41.7,635.31,0,0,0
ETH_USDT,Min5,60,base,69,31.9,1048.34,0,0,0
ETH_USDT,Min5,60,tight-stop,69,31.9,1048.34,0,0,0
ETH_USDT,Min5,60,wide-stop,3,33.3,76.22,0,0,0
ETH_USDT,Min5,60,conservative,5,40.0,246.04,0,0,0
ETH_USDT,Min5,60,aggressive,79,31.6,1123.28,0,0,0
ETH_USDT,Min5,60,high-rr,51,17.6,-1017.82,0,0,0
ETH_USDT,Min5,60,low-rr,79,35.4,-127.35,0,0,0
ETH_USDT,Min5,90,base,102,25.5,-976.08,0,0,0
ETH_USDT,Min5,90,tight-stop,102,25.5,-976.08,0,0,0
ETH_USDT,Min5,90,wide-stop,7,14.3,-334.52,0,0,0
ETH_USDT,Min5,90,conservative,10,20.0,-276.57,0,0,0
ETH_USDT,Min5,90,aggressive,118,27.1,-447.05,0,0,0
ETH_USDT,Min5,90,high-rr,78,15.4,-2212.12,0,0,0
ETH_USDT,Min5,90,low-rr,126,35.7,-88.98,0,0,0
SOL_USDT,Min5,30,base,34,26.5,-123.68,0,0,0
SOL_USDT,Min5,30,tight-stop,34,26.5,-126.20,0,0,0
SOL_USDT,Min5,30,wide-stop,1,100.0,287.23,0,0,0
SOL_USDT,Min5,30,conservative,4,25.0,-37.67,0,0,0
SOL_USDT,Min5,30,aggressive,38,23.7,-542.72,0,0,0
SOL_USDT,Min5,30,high-rr,29,24.1,426.74,0,0,0
SOL_USDT,Min5,30,low-rr,39,33.3,-213.68,0,0,0
SOL_USDT,Min5,60,base,78,26.9,-264.22,0,0,0
SOL_USDT,Min5,60,tight-stop,78,26.9,-266.70,0,0,0
SOL_USDT,Min5,60,wide-stop,3,100.0,890.95,0,0,0
SOL_USDT,Min5,60,conservative,7,57.1,843.24,0,0,0
SOL_USDT,Min5,60,aggressive,89,25.8,-663.31,0,0,0
SOL_USDT,Min5,60,high-rr,67,25.4,790.20,0,0,0
SOL_USDT,Min5,60,low-rr,86,33.7,-480.51,0,0,0
SOL_USDT,Min5,90,base,125,22.4,-2333.87,0,0,0
SOL_USDT,Min5,90,tight-stop,125,22.4,-2335.83,0,0,0
SOL_USDT,Min5,90,wide-stop,7,57.1,861.95,0,0,0
SOL_USDT,Min5,90,conservative,12,41.7,698.63,0,0,0
SOL_USDT,Min5,90,aggressive,150,22.0,-2916.73,0,0,0
SOL_USDT,Min5,90,high-rr,109,19.3,-1242.92,0,0,0
SOL_USDT,Min5,90,low-rr,135,31.1,-1716.96,0,0,0
LINK_USDT,Min5,30,base,45,15.6,-1977.47,0,0,0
LINK_USDT,Min5,30,tight-stop,45,15.6,-1977.47,0,0,0
LINK_USDT,Min5,30,wide-stop,1,0.0,-105.67,0,0,0
LINK_USDT,Min5,30,conservative,2,50.0,177.10,0,0,0
LINK_USDT,Min5,30,aggressive,52,17.3,-1962.58,0,0,0
LINK_USDT,Min5,30,high-rr,41,9.8,-2197.97,0,0,0
LINK_USDT,Min5,30,low-rr,53,30.2,-893.06,0,0,0
LINK_USDT,Min5,60,base,90,25.6,-879.65,0,0,0
LINK_USDT,Min5,60,tight-stop,90,25.6,-879.65,0,0,0
LINK_USDT,Min5,60,wide-stop,3,33.3,73.43,0,0,0
LINK_USDT,Min5,60,conservative,5,60.0,657.53,0,0,0
LINK_USDT,Min5,60,aggressive,101,27.7,-178.47,0,0,0
LINK_USDT,Min5,60,high-rr,72,16.7,-1718.38,0,0,0
LINK_USDT,Min5,60,low-rr,104,33.7,-718.79,0,0,0
LINK_USDT,Min5,90,base,113,26.5,-673.73,0,0,0
LINK_USDT,Min5,90,tight-stop,113,26.5,-673.73,0,0,0
LINK_USDT,Min5,90,wide-stop,6,33.3,153.25,0,0,0
LINK_USDT,Min5,90,conservative,7,57.1,848.17,0,0,0
LINK_USDT,Min5,90,aggressive,133,26.3,-895.29,0,0,0
LINK_USDT,Min5,90,high-rr,91,18.7,-1354.67,0,0,0
LINK_USDT,Min5,90,low-rr,127,34.6,-502.63,0,0,0
WLD_USDT,Min5,30,base,53,20.8,-1385.15,0,0,0
WLD_USDT,Min5,30,tight-stop,53,20.8,-1385.15,0,0,0
WLD_USDT,Min5,30,wide-stop,3,33.3,74.43,0,0,0
WLD_USDT,Min5,30,conservative,12,33.3,279.93,0,0,0
WLD_USDT,Min5,30,aggressive,70,21.4,-1638.13,0,0,0
WLD_USDT,Min5,30,high-rr,52,17.3,-1106.36,0,0,0
WLD_USDT,Min5,30,low-rr,58,29.3,-1091.51,0,0,0
WLD_USDT,Min5,60,base,3,100.0,657.22,0,0,0
WLD_USDT,Min5,60,tight-stop,3,100.0,657.35,0,0,0
WLD_USDT,Min5,60,wide-stop,2,100.0,366.82,0,0,0
WLD_USDT,Min5,60,conservative,1,100.0,77.43,0,0,0
WLD_USDT,Min5,60,aggressive,4,75.0,543.79,0,0,0
WLD_USDT,Min5,60,high-rr,3,100.0,891.34,0,0,0
WLD_USDT,Min5,60,low-rr,3,100.0,476.31,0,0,0
WLD_USDT,Min5,90,base,65,32.3,1073.20,0,0,0
WLD_USDT,Min5,90,tight-stop,65,32.3,1073.46,0,0,0
WLD_USDT,Min5,90,wide-stop,28,28.6,4.79,0,0,0
WLD_USDT,Min5,90,conservative,25,20.0,-834.22,0,0,0
WLD_USDT,Min5,90,aggressive,89,29.2,409.70,0,0,0
WLD_USDT,Min5,90,high-rr,62,30.6,2843.62,0,0,0
WLD_USDT,Min5,90,low-rr,72,34.7,-253.67,0,0,0
PEPE_USDT,Min5,30,base,41,31.7,326.98,0,0,0
PEPE_USDT,Min5,30,tight-stop,41,31.7,326.74,0,0,0
PEPE_USDT,Min5,30,wide-stop,5,20.0,-391.03,0,0,0
PEPE_USDT,Min5,30,conservative,7,14.3,-503.58,0,0,0
PEPE_USDT,Min5,30,aggressive,50,28.0,-264.19,0,0,0
PEPE_USDT,Min5,30,high-rr,37,24.3,97.65,0,0,0
PEPE_USDT,Min5,30,low-rr,45,35.6,-206.14,0,0,0
PEPE_USDT,Min5,60,base,76,25.0,-1086.65,0,0,0
PEPE_USDT,Min5,60,tight-stop,76,25.0,-1086.62,0,0,0
PEPE_USDT,Min5,60,wide-stop,10,20.0,-521.55,0,0,0
PEPE_USDT,Min5,60,conservative,11,18.2,-545.18,0,0,0
PEPE_USDT,Min5,60,aggressive,99,23.2,-1898.26,0,0,0
PEPE_USDT,Min5,60,high-rr,72,19.4,-1140.83,0,0,0
PEPE_USDT,Min5,60,low-rr,82,31.7,-1126.46,0,0,0
PEPE_USDT,Min5,90,base,100,25.0,-1301.07,0,0,0
PEPE_USDT,Min5,90,tight-stop,100,25.0,-1301.47,0,0,0
PEPE_USDT,Min5,90,wide-stop,18,22.2,-573.45,0,0,0
PEPE_USDT,Min5,90,conservative,20,25.0,-334.89,0,0,0
PEPE_USDT,Min5,90,aggressive,142,24.6,-1896.50,0,0,0
PEPE_USDT,Min5,90,high-rr,93,20.4,-941.46,0,0,0
PEPE_USDT,Min5,90,low-rr,109,36.7,129.87,0,0,0
BASED_USDT,Min5,30,base,72,26.4,-561.47,0,0,0
BASED_USDT,Min5,30,tight-stop,72,26.4,-561.47,0,0,0
BASED_USDT,Min5,30,wide-stop,5,20.0,-231.63,0,0,0
BASED_USDT,Min5,30,conservative,9,22.2,-261.13,0,0,0
BASED_USDT,Min5,30,aggressive,82,28.0,-102.29,0,0,0
BASED_USDT,Min5,30,high-rr,66,21.2,-405.15,0,0,0
BASED_USDT,Min5,30,low-rr,74,28.4,-1556.64,0,0,0
BASED_USDT,Min5,60,base,152,28.3,169.18,0,0,0
BASED_USDT,Min5,60,tight-stop,152,28.3,168.52,0,0,0
BASED_USDT,Min5,60,wide-stop,29,31.0,410.30,0,0,0
BASED_USDT,Min5,60,conservative,36,22.2,-728.98,0,0,0
BASED_USDT,Min5,60,aggressive,179,29.1,759.90,0,0,0
BASED_USDT,Min5,60,high-rr,140,22.1,93.67,0,0,0
BASED_USDT,Min5,60,low-rr,159,30.8,-2108.43,0,0,0
BASED_USDT,Min5,90,base,219,27.4,-408.72,0,0,0
BASED_USDT,Min5,90,tight-stop,219,27.4,-408.72,0,0,0
BASED_USDT,Min5,90,wide-stop,55,27.3,24.34,0,0,0
BASED_USDT,Min5,90,conservative,63,22.2,-1187.44,0,0,0
BASED_USDT,Min5,90,aggressive,260,26.9,-911.61,0,0,0
BASED_USDT,Min5,90,high-rr,193,21.8,-119.94,0,0,0
BASED_USDT,Min5,90,low-rr,231,32.9,-1765.85,0,0,0
ZEN_USDT,Min5,30,base,46,21.7,-1302.69,0,0,0
ZEN_USDT,Min5,30,tight-stop,46,21.7,-1301.66,0,0,0
ZEN_USDT,Min5,30,wide-stop,3,66.7,204.65,0,0,0
ZEN_USDT,Min5,30,conservative,5,40.0,-13.81,0,0,0
ZEN_USDT,Min5,30,aggressive,48,22.9,-1153.90,0,0,0
ZEN_USDT,Min5,30,high-rr,44,22.7,-175.67,0,0,0
ZEN_USDT,Min5,30,low-rr,51,31.4,-828.48,0,0,0
ZEN_USDT,Min5,60,base,85,23.5,-1598.97,0,0,0
ZEN_USDT,Min5,60,tight-stop,85,23.5,-1597.98,0,0,0
ZEN_USDT,Min5,60,wide-stop,4,75.0,530.74,0,0,0
ZEN_USDT,Min5,60,conservative,11,18.2,-607.49,0,0,0
ZEN_USDT,Min5,60,aggressive,92,25.0,-1258.29,0,0,0
ZEN_USDT,Min5,60,high-rr,74,21.6,-430.51,0,0,0
ZEN_USDT,Min5,60,low-rr,110,33.6,-883.45,0,0,0
ZEN_USDT,Min5,90,base,149,28.2,-162.48,0,0,0
ZEN_USDT,Min5,90,tight-stop,149,28.2,-157.27,0,0,0
ZEN_USDT,Min5,90,wide-stop,14,50.0,1087.78,0,0,0
ZEN_USDT,Min5,90,conservative,21,23.8,-492.37,0,0,0
ZEN_USDT,Min5,90,aggressive,164,28.0,-241.52,0,0,0
ZEN_USDT,Min5,90,high-rr,130,24.6,1557.90,0,0,0
ZEN_USDT,Min5,90,low-rr,181,34.8,-728.36,0,0,0
