side,signalType,reason,signalTime,entryTime,exitTime,entryPrice,exitPrice,quantity,notional,stopPct,fees,pnl,r,maeR,mfeR,barsHeld,confidence
short,sweep,tp,2026-04-25T04:10:00.000Z,2026-04-25T04:15:00.000Z,2026-04-25T07:30:00.000Z,5.0164946,4.747412000000001,1090.4958921019766,5470.466754051748,1.8280,2.1882,291.2453,2.9125,-0.3654,3.0370,39,0.7835
long,sweep,sl,2026-04-25T07:50:00.000Z,2026-04-25T07:55:00.000Z,2026-04-25T08:00:00.000Z,4.7504247,4.7171284367999995,3228.0487201455408,15334.602372982765,0.6711,6.1338,-113.6158,-1.1040,-1.0484,0.0000,1,0.7407
long,sweep,sl,2026-04-25T10:20:00.000Z,2026-04-25T10:25:00.000Z,2026-04-25T10:30:00.000Z,4.7584271,4.7101445326,2171.500942513732,10332.928932532883,0.9850,4.1332,-108.9788,-1.0708,-1.1399,0.0122,1,0.7299
short,sweep,sl,2026-04-25T16:35:00.000Z,2026-04-25T16:40:00.000Z,2026-04-26T05:30:00.000Z,4.6725978,4.7589232488,1185.9675081789442,5541.549169588417,1.8169,2.2166,-104.5958,-1.0388,-1.0648,1.3263,154,0.7765
long,sweep,sl,2026-04-26T12:30:00.000Z,2026-04-26T12:35:00.000Z,2026-04-26T14:05:00.000Z,4.7534256,4.7221169398,3333.396296355569,15845.051290041749,0.6288,6.3380,-110.7022,-1.1110,-1.6200,1.5581,18,0.7248
long,sweep,sl,2026-04-26T14:45:00.000Z,2026-04-26T14:50:00.000Z,2026-04-26T15:00:00.000Z,4.7304186999999995,4.6931836224,2750.2819631012135,13009.98522852669,0.7574,5.2040,-107.6110,-1.0921,-1.1003,0.1279,2,0.8500
short,sweep,sl,2026-04-27T01:15:00.000Z,2026-04-27T01:20:00.000Z,2026-04-27T02:05:00.000Z,4.6166146,4.6627023912,2180.772560010709,10067.786439824817,0.9680,4.0271,-104.5341,-1.0726,-1.0380,0.0000,9,0.8500
long,sweep,sl,2026-04-27T04:30:00.000Z,2026-04-27T04:35:00.000Z,2026-04-27T05:15:00.000Z,4.5863755,4.559491742,3778.5689558730596,17329.936084276782,0.5563,6.9320,-108.5141,-1.1255,-3.0325,2.2192,8,0.7260
long,sweep,sl,2026-04-27T11:10:00.000Z,2026-04-27T11:15:00.000Z,2026-04-27T12:35:00.000Z,4.3262975,4.2921079812,2897.34313375624,12534.768356211787,0.7605,5.0139,-104.0727,-1.0917,-1.0120,0.5988,16,0.7384
long,sweep,sl,2026-04-27T13:50:00.000Z,2026-04-27T13:55:00.000Z,2026-04-27T15:10:00.000Z,4.2462735,4.214287334400001,3069.0626553535108,13032.079423267245,0.7235,5.2128,-103.3804,-1.0965,-1.0180,1.4559,15,0.8030
long,sweep,sl,2026-04-28T00:40:00.000Z,2026-04-28T00:45:00.000Z,2026-04-28T01:00:00.000Z,4.371311,4.344986113000001,3726.965532370402,16291.725428271595,0.5724,6.5167,-104.6286,-1.1220,-1.1315,0.2274,3,0.7609
short,sweep,sl,2026-04-28T10:25:00.000Z,2026-04-28T10:30:00.000Z,2026-04-28T13:35:00.000Z,4.3147052,4.3409638986,3694.629047746387,15941.235164382384,0.5784,6.3765,-103.3926,-1.1213,-1.0937,2.4324,37,0.7087
long,sweep,sl,2026-04-28T22:45:00.000Z,2026-04-28T22:50:00.000Z,2026-04-28T23:00:00.000Z,4.5023503,4.474687191000001,3463.9495663844955,15595.914369396103,0.5846,6.2384,-102.0620,-1.1194,-1.2291,0.0000,2,0.7124
long,sweep,sl,2026-04-29T13:45:00.000Z,2026-04-29T13:50:00.000Z,2026-04-29T15:10:00.000Z,4.331299,4.287119478199999,2101.7781915551463,9103.429779304613,0.9903,3.6414,-96.4969,-1.0704,-1.5923,0.6691,16,0.7760
long,sweep,tp,2026-04-29T18:10:00.000Z,2026-04-29T18:15:00.000Z,2026-04-29T21:20:00.000Z,4.1702506999999995,4.304791999999998,1917.385314684036,7995.977450730821,1.1154,3.1984,254.7691,2.8566,-0.8868,3.0904,37,0.7586
short,sweep,sl,2026-04-30T00:00:00.000Z,2026-04-30T00:05:00.000Z,2026-04-30T00:05:00.000Z,4.276716599999999,4.2988672734,4397.322035698153,18806.10014561608,0.4878,7.5224,-104.9261,-1.1438,-1.0202,0.0344,0,0.7573
long,sweep,sl,2026-04-30T14:00:00.000Z,2026-04-30T14:05:00.000Z,2026-04-30T14:15:00.000Z,4.330298699999999,4.300089586,3135.8613309886177,13579.216244960278,0.6678,5.4317,-100.1633,-1.1045,-1.2552,0.0000,2,0.7127
short,sweep,sl,2026-04-30T15:55:00.000Z,2026-04-30T16:00:00.000Z,2026-04-30T16:05:00.000Z,4.3356989,4.3570007082,4485.268905037438,19446.775457775024,0.4612,7.7787,-103.3230,-1.1521,-1.5154,0.2850,1,0.7265
short,sweep,sl,2026-05-01T01:30:00.000Z,2026-05-01T01:35:00.000Z,2026-05-01T01:45:00.000Z,4.3916821,4.4211479466,3150.337058833938,13835.278870247652,0.6408,5.5341,-98.3615,-1.1095,-1.5038,0.0000,2,0.8493
short,sweep,sl,2026-05-01T11:20:00.000Z,2026-05-01T11:25:00.000Z,2026-05-01T12:35:00.000Z,4.3157049,4.3459754016,3026.418081246027,13061.127342682077,0.6712,5.2245,-96.8356,-1.1046,-1.1494,1.0255,14,0.7001
short,sweep,sl,2026-05-01T14:00:00.000Z,2026-05-01T14:05:00.000Z,2026-05-01T16:55:00.000Z,4.348695,4.3940858304,1967.1499275788992,8554.535054312722,1.0135,3.4218,-92.7124,-1.0694,-1.1414,0.4015,34,0.7453
short,sweep,sl,2026-05-01T17:25:00.000Z,2026-05-01T17:30:00.000Z,2026-05-01T17:35:00.000Z,4.4026788,4.430168652,3278.560422711012,14434.448467588812,0.5942,5.7738,-95.9009,-1.1181,-1.2355,0.0000,1,0.8500
short,sweep,sl,2026-05-01T18:10:00.000Z,2026-05-01T18:15:00.000Z,2026-05-01T18:50:00.000Z,4.4356689000000005,4.4662514736,2900.2419623372284,12864.513074814216,0.6593,5.1458,-93.8427,-1.1065,-1.0372,0.4332,7,0.7307
short,sweep,sl,2026-05-01T19:50:00.000Z,2026-05-01T19:55:00.000Z,2026-05-01T20:10:00.000Z,4.4956509,4.5223803072,3305.612599320344,14860.880257185845,0.5644,5.9444,-94.3014,-1.1243,-2.1420,0.2227,3,0.7445
long,sweep,tp,2026-05-02T02:50:00.000Z,2026-05-02T02:55:00.000Z,2026-05-02T04:00:00.000Z,4.513353599999999,4.604939999999998,2564.8435333726916,11576.045794784357,0.7164,4.6304,230.2744,2.7767,-0.0728,3.1437,13,0.8500
short,sweep,sl,2026-05-02T14:20:00.000Z,2026-05-02T14:25:00.000Z,2026-05-02T14:50:00.000Z,4.957512299999999,5.0305467113999995,1191.646758372541,5907.603461886999,1.4428,2.3630,-89.3943,-1.0488,-3.3762,1.3773,5,0.7233
short,sweep,sl,2026-05-02T15:50:00.000Z,2026-05-02T15:55:00.000Z,2026-05-02T16:00:00.000Z,5.738278,5.9466494598,408.24939461892893,2342.6485196551184,3.6002,0.9371,-86.0046,-1.0197,-1.0103,0.7177,1,0.7151
short,sweep,tp,2026-05-02T21:30:00.000Z,2026-05-02T21:35:00.000Z,2026-05-02T21:45:00.000Z,5.7802654,5.575965999999999,1185.5744585239643,6852.935021729806,1.2182,2.7412,239.4710,2.8686,-0.0246,3.1992,2,0.7039
short,sweep,sl,2026-05-03T11:30:00.000Z,2026-05-03T11:35:00.000Z,2026-05-03T12:15:00.000Z,5.038488,5.1137376612,1164.931492260774,5869.4933445780025,1.4631,2.3478,-90.0085,-1.0481,-1.0515,0.0744,8,0.7771
short,sweep,sl,2026-05-03T16:15:00.000Z,2026-05-03T16:20:00.000Z,2026-05-03T17:10:00.000Z,5.124462200000001,5.1788872002,1607.1706450126514,8235.885219316951,1.0318,3.2944,-90.7646,-1.0681,-1.2585,0.8977,10,0.7583
long,sweep,sl,2026-05-03T20:40:00.000Z,2026-05-03T20:45:00.000Z,2026-05-03T21:00:00.000Z,5.317594799999999,5.2868154794,2879.694950170673,15313.050892613828,0.5490,6.1252,-94.7603,-1.1272,-1.0138,0.4935,3,0.7140
short,sweep,tp,2026-05-04T01:45:00.000Z,2026-05-04T01:50:00.000Z,2026-05-04T10:00:00.000Z,5.4553629,5.192796,926.5778199539795,5054.81826293982,1.6443,2.0219,241.2667,2.9027,-0.8209,3.7719,98,0.7194
long,sigma,tp,2026-05-04T10:10:00.000Z,2026-05-04T10:15:00.000Z,2026-05-04T12:45:00.000Z,5.1035306,5.267341999999999,1509.966058223439,7706.157983104702,1.1099,3.0825,244.2672,2.8559,-0.5213,2.9918,30,0.5296
long,sweep,sl,2026-05-04T20:10:00.000Z,2026-05-04T20:15:00.000Z,2026-05-04T22:30:00.000Z,5.1265374999999995,5.078296054,1883.1079421889262,9653.823482179361,0.9113,3.8615,-94.7054,-1.0765,-1.2316,0.5022,27,0.8427
short,sweep,sl,2026-05-05T01:30:00.000Z,2026-05-05T01:35:00.000Z,2026-05-05T01:45:00.000Z,5.0974703,5.1327813726,2576.922141740845,13135.784082936349,0.6625,5.2543,-96.2482,-1.1060,-1.9404,0.0000,2,0.7258
long,sweep,sl,2026-05-05T07:00:00.000Z,2026-05-05T07:05:00.000Z,2026-05-05T08:00:00.000Z,5.0665195,5.0314041258,2561.0260079326717,12975.488209198036,0.6633,5.1902,-95.1216,-1.1052,-4.6576,1.4724,11,0.8327
short,sweep,sl,2026-05-05T17:15:00.000Z,2026-05-05T17:20:00.000Z,2026-05-05T17:40:00.000Z,5.2214331,5.2761103583999995,1603.0417929160685,8370.175478215306,1.0169,3.3481,-90.9980,-1.0691,-1.1407,0.1400,4,0.7004
short,sweep,tp,2026-05-05T17:40:00.000Z,2026-05-05T17:45:00.000Z,2026-05-06T04:35:00.000Z,5.2464256,5.114308000000002,1825.0169855351671,9574.81583334653,0.8794,3.8299,237.2869,2.8180,-0.6410,3.1519,130,0.7065
long,sweep,tp,2026-05-06T07:00:00.000Z,2026-05-06T07:05:00.000Z,2026-05-06T09:30:00.000Z,5.072521299999999,5.1583120000000005,2826.951346206033,14339.770917693775,0.6037,5.7359,236.7902,2.7350,-0.5068,3.0850,29,0.7856
long,sweep,sl,2026-05-06T13:25:00.000Z,2026-05-06T13:30:00.000Z,2026-05-06T13:35:00.000Z,5.0875258,5.056346640799999,2998.6088277805193,15255.499775441149,0.5830,6.1022,-99.5963,-1.1198,-1.6360,0.5554,1,0.7210
long,sweep,tp,2026-05-06T14:05:00.000Z,2026-05-06T14:10:00.000Z,2026-05-06T15:15:00.000Z,5.0365105,5.280778000000001,1054.0731251737589,5308.8503627054515,1.6566,2.1235,255.3523,2.9034,-0.1859,3.4935,13,0.7403
short,sweep,sl,2026-05-06T19:10:00.000Z,2026-05-06T19:15:00.000Z,2026-05-06T19:15:00.000Z,5.3753869,5.3983910316,4231.997745072068,22748.625239689933,0.3978,9.0995,-106.4529,-1.1763,-1.9927,0.8598,0,0.7944
long,sweep,tp,2026-05-07T22:05:00.000Z,2026-05-07T22:10:00.000Z,2026-05-08T01:40:00.000Z,5.0905267,5.2003720000000015,2313.9856754625384,11779.405864359587,0.7593,4.7118,249.4687,2.7893,-0.6087,2.8582,42,0.7505
long,sweep,tp,2026-05-08T03:05:00.000Z,2026-05-08T03:10:00.000Z,2026-05-08T03:40:00.000Z,5.1205357,5.1826479999999995,4040.658633434519,20690.336784014664,0.4443,8.2761,242.6985,2.6400,-0.0675,3.2729,6,0.7287
short,sweep,sl,2026-05-08T13:05:00.000Z,2026-05-08T13:10:00.000Z,2026-05-08T18:15:00.000Z,5.3433965,5.4104186387999995,1442.8067140505646,7709.488346034287,1.2239,3.0838,-99.7838,-1.0575,-1.4160,1.7951,61,0.7586
short,sweep,sl,2026-05-09T03:10:00.000Z,2026-05-09T03:15:00.000Z,2026-05-09T11:10:00.000Z,5.6353089,5.6920651074,1695.9586954856259,9557.251130702538,0.9769,3.8229,-100.0791,-1.0720,-2.0653,2.1310,95,0.7678
long,sweep,sl,2026-05-09T23:45:00.000Z,2026-05-09T23:50:00.000Z,2026-05-10T00:20:00.000Z,5.50165,5.4693946892,3016.92718966839,16598.077473039095,0.5565,6.6392,-103.9512,-1.1255,-1.1972,0.7627,6,0.7365
long,sweep,sl,2026-05-10T10:05:00.000Z,2026-05-10T10:10:00.000Z,2026-05-10T11:20:00.000Z,5.411623,5.3756108328000005,2654.7486099299235,14366.498636714801,0.6357,5.7466,-101.3499,-1.1098,-1.0356,0.6796,14,0.7435
long,sweep,tp,2026-05-10T12:10:00.000Z,2026-05-10T12:15:00.000Z,2026-05-10T17:30:00.000Z,5.3566065,5.467968000000001,2300.0878428598544,12320.665489634073,0.7330,4.9283,251.2130,2.7818,-0.2956,3.0918,63,0.7402
short,sweep,sl,2026-05-10T17:30:00.000Z,2026-05-10T17:35:00.000Z,2026-05-10T17:50:00.000Z,5.4593617000000005,5.4906026868,3136.3920954864175,17122.698882281293,0.5421,6.8491,-104.8331,-1.1294,-1.2380,0.4515,3,0.7560
short,sweep,tp,2026-05-11T00:05:00.000Z,2026-05-11T00:10:00.000Z,2026-05-11T02:30:00.000Z,5.328401,5.192810000000001,1939.0014146797207,10331.77707698084,0.8882,4.1327,258.7784,2.8198,-0.3507,3.3257,28,0.7043
long,sweep,sl,2026-05-11T19:00:00.000Z,2026-05-11T19:05:00.000Z,2026-05-11T21:40:00.000Z,5.0045009,4.9775282934,3703.408791401688,18533.71262963766,0.5091,7.4135,-107.3041,-1.1372,-1.2756,1.6680,31,0.7135
long,sweep,sl,2026-05-12T01:40:00.000Z,2026-05-12T01:45:00.000Z,2026-05-12T07:05:00.000Z,4.8204457,4.759031862,1555.1329987085637,7496.434176552801,1.2444,2.9986,-98.5053,-1.0560,-1.5411,1.1929,64,0.8500
long,sweep,sl,2026-05-12T09:15:00.000Z,2026-05-12T09:20:00.000Z,2026-05-12T10:30:00.000Z,4.7614279999999995,4.7221169398,2435.759986367659,11597.69580037059,0.7959,4.6391,-100.3914,-1.0877,-1.0669,0.5429,14,0.8500
short,sweep,sl,2026-05-13T01:10:00.000Z,2026-05-13T01:15:00.000Z,2026-05-13T02:55:00.000Z,4.6865936,4.7218381266,2698.8203718072773,12648.274282061606,0.7218,5.0593,-100.1780,-1.0973,-1.3127,1.1704,20,0.7300
short,sweep,sl,2026-05-13T08:25:00.000Z,2026-05-13T08:30:00.000Z,2026-05-13T09:30:00.000Z,4.728581,4.7579209482,3234.872478941341,15296.356541344925,0.5903,6.1185,-101.0295,-1.1189,-1.1973,1.0598,12,0.7154
long,sweep,sl,2026-05-13T11:30:00.000Z,2026-05-13T11:35:00.000Z,2026-05-13T11:50:00.000Z,4.7194154,4.696176724200001,4090.112424934617,19302.939565967776,0.4625,7.7212,-102.7700,-1.1510,-1.3017,0.8055,3,0.7117
short,sweep,sl,2026-05-14T00:10:00.000Z,2026-05-14T00:15:00.000Z,2026-05-14T00:30:00.000Z,4.5706284,4.5915390486000005,4518.2147911453485,20651.080841709,0.4274,8.2604,-102.7392,-1.1641,-2.1692,0.5441,3,0.8500
long,sweep,sl,2026-05-14T01:35:00.000Z,2026-05-14T01:40:00.000Z,2026-05-14T02:00:00.000Z,4.5523653,4.534549227,5301.003816580798,24132.10582976999,0.3615,9.6528,-104.0959,-1.1934,-1.0553,0.2817,4,0.7051
short,sweep,sl,2026-05-14T08:35:00.000Z,2026-05-14T08:40:00.000Z,2026-05-14T10:35:00.000Z,4.5906224,4.6165965636,3505.0854414047935,16090.523741226732,0.5356,6.4362,-97.4779,-1.1310,-1.0320,1.1640,23,0.7632
long,sweep,tp,2026-05-14T12:00:00.000Z,2026-05-14T12:05:00.000Z,2026-05-14T18:10:00.000Z,4.5753721999999994,4.667312,2623.886730840798,12005.258404237868,0.7098,4.8021,236.4375,2.7746,-0.8736,2.9138,73,0.7002
short,sweep,sl,2026-05-14T21:10:00.000Z,2026-05-14T21:15:00.000Z,2026-05-14T21:40:00.000Z,4.6755968999999995,4.7078059182,2843.717279454006,13296.075696291584,0.6587,5.3184,-96.9118,-1.1066,-1.0521,0.1493,5,0.7056
long,sweep,sl,2026-05-15T02:00:00.000Z,2026-05-15T02:05:00.000Z,2026-05-15T02:15:00.000Z,4.6563965000000005,4.6173583768,2300.222500715605,10710.748001553391,0.8086,4.2843,-94.0807,-1.0863,-1.2057,0.0000,2,0.7090
long,sweep,sl,2026-05-15T12:05:00.000Z,2026-05-15T12:10:00.000Z,2026-05-15T12:40:00.000Z,4.531359,4.4976343048,2646.1257458682535,11990.545713671823,0.7145,4.7962,-94.0360,-1.0977,-1.0613,0.0198,6,0.7391
long,sweep,sl,2026-05-15T13:40:00.000Z,2026-05-15T13:45:00.000Z,2026-05-15T13:50:00.000Z,4.3433025999999995,4.3170504962,3395.0121810354467,14745.565232922925,0.5746,5.8982,-95.0244,-1.1215,-2.6567,1.0297,1,0.8500
long,sweep,sl,2026-05-15T20:05:00.000Z,2026-05-15T20:10:00.000Z,2026-05-15T21:15:00.000Z,4.330298699999999,4.297096484200001,2625.2155604042073,11367.967528438108,0.7370,4.5472,-91.7102,-1.0947,-1.2941,0.3667,13,0.7479
long,sweep,sl,2026-05-15T21:15:00.000Z,2026-05-15T21:20:00.000Z,2026-05-15T21:55:00.000Z,4.316294500000001,4.2791378734,2309.8645204212503,9970.055525239382,0.8311,3.9880,-89.8148,-1.0839,-1.2348,0.0000,7,0.8333
long,sweep,sl,2026-05-16T02:35:00.000Z,2026-05-16T02:40:00.000Z,2026-05-16T04:30:00.000Z,4.2522753,4.2302505440000004,3948.9897545155222,16792.19159307942,0.4881,6.7169,-93.6924,-1.1431,-1.6032,2.4921,22,0.7023
long,sweep,sl,2026-05-16T06:50:00.000Z,2026-05-16T06:55:00.000Z,2026-05-16T07:10:00.000Z,4.2142639,4.1624069032,1601.0453491969422,6747.227617383567,1.2009,2.6989,-85.7243,-1.0580,-1.7046,0.0541,3,0.8416
short,sweep,sl,2026-05-16T09:10:00.000Z,2026-05-16T09:15:00.000Z,2026-05-16T12:45:00.000Z,4.2017391,4.234720035,2528.0991703690765,10622.413132817312,0.7547,4.2490,-87.6280,-1.0931,-1.3642,2.6092,42,0.7518
short,sweep,sl,2026-05-17T03:50:00.000Z,2026-05-17T03:55:00.000Z,2026-05-17T04:20:00.000Z,4.2717181,4.2958603716,3469.5180947239114,14820.803243509648,0.5350,5.9283,-89.6904,-1.1311,-1.2813,0.1627,5,0.8500
short,sweep,sl,2026-05-17T04:25:00.000Z,2026-05-17T04:30:00.000Z,2026-05-17T05:45:00.000Z,4.2837145,4.311897181199999,2915.454578567742,12488.975052302027,0.6277,4.9956,-87.1609,-1.1118,-1.2007,0.3613,15,0.8500
long,sweep,sl,2026-05-17T09:10:00.000Z,2026-05-17T09:15:00.000Z,2026-05-17T11:55:00.000Z,4.312293299999999,4.2941033824,4586.836913183171,19779.786088912468,0.3919,7.9119,-91.3461,-1.1783,-1.0824,2.1718,32,0.7667
short,sweep,tp,2026-05-17T14:30:00.000Z,2026-05-17T14:35:00.000Z,2026-05-17T16:15:00.000Z,4.3676893,4.276653999999999,2387.1486575286044,10426.323648997051,0.7348,4.1705,213.1443,2.7822,-0.3836,3.1998,20,0.7376
short,sweep,sl,2026-05-17T21:25:00.000Z,2026-05-17T21:30:00.000Z,2026-05-17T21:50:00.000Z,4.2937115,4.3128994818,4400.317883634427,18893.6955006168,0.4168,7.5575,-91.9907,-1.1683,-1.3573,0.0398,4,0.7790
long,sweep,sl,2026-05-18T04:10:00.000Z,2026-05-18T04:15:00.000Z,2026-05-18T04:20:00.000Z,4.0742219,4.052659837200001,3824.926957865891,15583.60117763759,0.4994,6.2334,-88.7068,-1.1399,-1.1905,0.0874,1,0.8500
long,sweep,tp,2026-05-18T06:20:00.000Z,2026-05-18T06:25:00.000Z,2026-05-18T12:20:00.000Z,4.0462134999999995,4.171066000000001,1779.4292614777946,7199.950700086481,1.0685,2.8800,219.2862,2.8503,-0.4907,2.9325,71,0.8500
long,sweep,sl,2026-05-19T10:45:00.000Z,2026-05-19T10:50:00.000Z,2026-05-19T21:55:00.000Z,4.1092324,4.0776023522,2602.3263507191905,10693.56375574906,0.7400,4.2774,-86.5891,-1.0943,-1.5863,2.6234,133,0.8500
long,sweep,sl,2026-05-19T23:00:00.000Z,2026-05-19T23:05:00.000Z,2026-05-20T01:40:00.000Z,4.0532156,4.0267196216,3094.8561598111432,12544.119266702617,0.6239,5.0176,-87.0189,-1.1119,-1.1553,0.9406,31,0.7169
short,sweep,sl,2026-05-20T08:05:00.000Z,2026-05-20T08:10:00.000Z,2026-05-20T08:20:00.000Z,4.1737475,4.1976349128,3420.080682774424,14274.553199528045,0.5422,5.7098,-87.4067,-1.1294,-1.0718,0.2982,2,0.7187
short,sweep,sl,2026-05-20T10:40:00.000Z,2026-05-20T10:45:00.000Z,2026-05-20T12:55:00.000Z,4.1947412,4.2156763236,3889.889009423827,16317.077691257315,0.4689,6.5268,-87.9621,-1.1496,-1.4366,2.3762,26,0.7979
short,sweep,tp,2026-05-20T19:40:00.000Z,2026-05-20T19:45:00.000Z,2026-05-20T22:05:00.000Z,4.2827148,4.228236000000002,3806.010473591907,16300.05738420707,0.4640,6.5200,200.8269,2.6551,-0.1150,3.6589,28,0.7125
short,sweep,sl,2026-05-21T03:15:00.000Z,2026-05-21T03:20:00.000Z,2026-05-21T03:25:00.000Z,4.3157049,4.333947794399999,4582.743178529032,19777.767191019317,0.3926,7.9111,-91.5136,-1.1786,-1.3159,0.0000,1,0.8179
long,sweep,sl,2026-05-21T10:30:00.000Z,2026-05-21T10:35:00.000Z,2026-05-21T13:35:00.000Z,4.154245899999999,4.110526472,1806.0283501276788,7502.685868801673,1.0227,3.0011,-81.9596,-1.0681,-1.0650,0.2296,36,0.8121
short,sweep,sl,2026-05-21T20:10:00.000Z,2026-05-21T20:15:00.000Z,2026-05-21T21:05:00.000Z,4.3466956,4.3620122112,5239.231190218543,22773.343161905705,0.3223,9.1093,-89.3566,-1.2175,-1.3781,2.4054,10,0.7026
short,sweep,tp,2026-05-22T05:15:00.000Z,2026-05-22T05:20:00.000Z,2026-05-22T06:25:00.000Z,4.3696887,4.2846540000000015,2492.8332163337627,10892.905136398298,0.6887,4.3572,207.6202,2.7676,-0.1433,3.0800,13,0.7272
long,sweep,tp,2026-05-22T11:20:00.000Z,2026-05-22T11:25:00.000Z,2026-05-22T13:00:00.000Z,4.2832846,4.361584,2771.9012050495485,11872.841744310173,0.6493,4.7491,212.2891,2.7536,-0.2260,2.9381,19,0.8500
long,sweep,sl,2026-05-22T13:50:00.000Z,2026-05-22T13:55:00.000Z,2026-05-22T14:00:00.000Z,4.276282500000001,4.2442183524,2572.763355604075,11001.862914210984,0.7200,4.4007,-86.8942,-1.0969,-1.3083,0.1207,1,0.7264
long,sweep,sl,2026-05-22T23:30:00.000Z,2026-05-22T23:35:00.000Z,2026-05-22T23:45:00.000Z,4.0722213,4.044678232400001,2975.6859471894372,12117.651696255502,0.6466,4.8471,-86.8066,-1.1080,-4.6040,0.2575,2,0.7630
short,sweep,tp,2026-05-23T03:40:00.000Z,2026-05-23T03:45:00.000Z,2026-05-23T05:20:00.000Z,4.0117961,3.964874000000001,4492.642437364896,18023.565408914983,0.4299,7.2094,203.5948,2.6277,-0.1858,3.4093,19,0.7089
long,sweep,sl,2026-05-23T06:55:00.000Z,2026-05-23T07:00:00.000Z,2026-05-23T07:05:00.000Z,3.9451832,3.9219610586000004,3606.935302288896,14230.020558077073,0.5588,5.6920,-89.4528,-1.1250,-1.0063,0.1278,1,0.7163
short,sweep,sl,2026-05-23T09:40:00.000Z,2026-05-23T09:45:00.000Z,2026-05-23T13:00:00.000Z,3.8278513000000003,3.8508389052,3601.0700658957735,13784.360733130223,0.5704,5.5137,-88.2937,-1.1230,-1.2893,2.4207,39,0.7039
long,sweep,sl,2026-05-24T09:20:00.000Z,2026-05-24T09:25:00.000Z,2026-05-24T09:45:00.000Z,4.0222063,4.0007794059999995,3843.418975048579,15459.024014979936,0.5029,6.1836,-88.5361,-1.1389,-1.0485,0.0000,4,0.7380
long,sweep,sl,2026-05-24T20:00:00.000Z,2026-05-24T20:05:00.000Z,2026-05-24T21:25:00.000Z,3.9461834999999996,3.9219610586000004,3334.828222829088,13159.84410826247,0.5840,5.2639,-86.0416,-1.1196,-2.4813,0.2090,16,0.8500
short,sweep,sl,2026-05-24T23:45:00.000Z,2026-05-24T23:50:00.000Z,2026-05-25T00:00:00.000Z,3.9318201,3.9470597628,5406.439119565875,21257.14599973541,0.3575,8.5029,-90.8952,-1.1961,-1.5068,0.0000,2,0.7664
short,sweep,sl,2026-05-25T04:50:00.000Z,2026-05-25T04:55:00.000Z,2026-05-25T05:15:00.000Z,4.0197937,4.046287522199999,2970.036587595904,11938.934363587514,0.6289,4.7756,-83.4632,-1.1116,-1.1157,0.0710,4,0.7649
short,sweep,sl,2026-05-25T13:25:00.000Z,2026-05-25T13:30:00.000Z,2026-05-25T13:50:00.000Z,4.0337895,4.0502967246,4855.241719480236,19585.02306800132,0.3791,7.8340,-87.9806,-1.1849,-1.1908,0.3132,4,0.7602
short,sweep,tp,2026-05-25T18:45:00.000Z,2026-05-25T18:50:00.000Z,2026-05-25T19:35:00.000Z,4.2267316,4.151529999999998,2741.9045326840146,11589.294532478758,0.6331,4.6357,201.5599,2.7472,-0.0474,2.9797,9,0.7746
long,sweep,tp,2026-05-26T07:10:00.000Z,2026-05-26T07:15:00.000Z,2026-05-26T09:20:00.000Z,3.951185,4.021604000000001,3009.003997457116,11889.131459692595,0.6341,4.7557,207.1354,2.7477,-0.5263,2.8266,25,0.7190
short,sweep,sl,2026-05-27T00:10:00.000Z,2026-05-27T00:15:00.000Z,2026-05-27T00:30:00.000Z,4.0167946,4.030250712599999,5784.906040310677,23236.779344227307,0.3049,9.2947,-87.1371,-1.2299,-1.1599,1.1263,3,0.7222
short,sweep,sl,2026-05-27T12:30:00.000Z,2026-05-27T12:35:00.000Z,2026-05-27T12:35:00.000Z,4.0297906999999995,4.0583151294,2804.545325222763,11301.730669311164,0.6776,4.5207,-84.5187,-1.1036,-1.6556,0.0000,0,0.7017
long,sweep,sl,2026-05-27T17:15:00.000Z,2026-05-27T17:20:00.000Z,2026-05-27T17:55:00.000Z,4.027207799999999,3.9967886036000007,2592.0565193978123,10438.75023295972,0.7256,4.1755,-83.0238,-1.0962,-1.3760,0.5062,7,0.7152
long,sweep,sl,2026-05-28T13:20:00.000Z,2026-05-28T13:25:00.000Z,2026-05-28T14:00:00.000Z,3.3990194,3.3762188304,3438.186076407978,11686.461174520598,0.6410,4.6746,-83.0672,-1.1089,-3.3973,1.1007,7,0.7225
long,sweep,sl,2026-05-28T14:10:00.000Z,2026-05-28T14:15:00.000Z,2026-05-29T14:20:00.000Z,3.3680101,3.2864257764,919.1093024166157,3095.569413543116,2.3930,1.2382,-76.2231,-1.0290,-1.0175,2.4193,289,0.7322
short,sweep,sl,2026-05-30T01:15:00.000Z,2026-05-30T01:20:00.000Z,2026-05-30T01:30:00.000Z,3.3060079,3.3206218878,5383.7343008150165,17798.66812999542,0.4119,7.1195,-85.7973,-1.1702,-1.4681,0.3677,2,0.7819
short,sweep,sl,2026-05-31T00:00:00.000Z,2026-05-31T00:05:00.000Z,2026-05-31T01:00:00.000Z,3.4169746,3.4529255669999994,2075.252156226311,7091.083906420537,1.0218,2.8364,-77.4438,-1.0688,-1.0318,0.1425,11,0.7222
short,sweep,sl,2026-05-31T19:00:00.000Z,2026-05-31T19:05:00.000Z,2026-05-31T20:15:00.000Z,3.3499947,3.3767507214,2784.562258219624,9328.26880685577,0.7685,3.7313,-78.2351,-1.0914,-1.3598,0.8544,14,0.7108
short,sweep,sl,2026-05-31T22:00:00.000Z,2026-05-31T22:05:00.000Z,2026-05-31T23:00:00.000Z,3.4109764,3.4549301681999998,1652.037169671485,5635.059797672231,1.2582,2.2540,-74.8673,-1.0559,-1.0491,0.1859,11,0.8500
short,sweep,sl,2026-06-01T00:35:00.000Z,2026-06-01T00:40:00.000Z,2026-06-01T01:00:00.000Z,3.5249422,3.5601717312,2053.5451178148323,7238.627845389474,0.9691,2.8955,-75.2409,-1.0725,-2.7533,0.0861,4,0.7189
short,sweep,tp,2026-06-01T03:35:00.000Z,2026-06-01T03:40:00.000Z,2026-06-01T07:45:00.000Z,3.6848942,3.510577999999999,1164.8308449574931,4292.2784245649655,1.6169,1.7169,201.3320,2.9010,-0.7906,2.9355,49,0.7954
long,sweep,tp,2026-06-01T07:50:00.000Z,2026-06-01T07:55:00.000Z,2026-06-01T08:55:00.000Z,3.5200557,3.6239459999999997,1981.6389094769947,6975.479338646279,1.0238,2.7902,203.0829,2.8438,-0.3900,3.1063,12,0.7250
short,sweep,sl,2026-06-01T16:55:00.000Z,2026-06-01T17:00:00.000Z,2026-06-01T17:05:00.000Z,3.6499047,3.6814501038,2412.6609973514883,8805.982713739884,0.8340,3.5224,-79.6308,-1.0842,-1.0872,0.0954,1,0.7935
short,sweep,tp,2026-06-03T01:30:00.000Z,2026-06-03T01:35:00.000Z,2026-06-03T03:45:00.000Z,3.458962,3.3821259999999995,2691.0738492325336,9308.322183689063,0.7805,3.7233,203.0480,2.7949,-0.6311,3.6658,26,0.7270
short,sweep,sl,2026-06-03T14:15:00.000Z,2026-06-03T14:20:00.000Z,2026-06-03T14:35:00.000Z,3.7218831,3.7676479553999997,1673.101314172158,6227.087505805145,1.1993,2.4908,-79.0601,-1.0587,-1.0780,0.4007,3,0.7246
long,sweep,sl,2026-06-04T05:10:00.000Z,2026-06-04T05:15:00.000Z,2026-06-04T05:30:00.000Z,3.3850152,3.3462878124,1958.6914445432462,6630.200311888845,1.1144,2.6521,-78.5071,-1.0625,-1.0342,0.1587,3,0.7172
long,sweep,sl,2026-06-04T08:00:00.000Z,2026-06-04T08:05:00.000Z,2026-06-04T08:05:00.000Z,3.3420023,3.3053820878000004,2051.82504559383,6857.2040215721845,1.0661,2.7429,-77.8812,-1.0654,-1.1228,0.0280,0,0.8100
long,sweep,tp,2026-06-04T09:30:00.000Z,2026-06-04T09:35:00.000Z,2026-06-04T12:20:00.000Z,3.2239668999999997,3.3141939999999996,2305.89693479573,7434.135392592892,0.9729,2.9737,205.0807,2.8356,-0.9873,3.4444,33,0.7123
short,sweep,tp,2026-06-04T12:50:00.000Z,2026-06-04T12:55:00.000Z,2026-06-04T13:20:00.000Z,3.3819851,3.3326420000000008,4178.161450368252,14130.47977053982,0.5263,5.6522,200.5112,2.6959,-0.6750,2.8080,5,0.7121
long,sweep,sl,2026-06-04T21:40:00.000Z,2026-06-04T21:45:00.000Z,2026-06-04T22:00:00.000Z,3.3339999000000002,3.3003935847999997,2341.8071132604637,7807.584681429675,0.9783,3.1230,-81.8225,-1.0713,-1.2877,0.3373,3,0.7628
short,sweep,tp,2026-06-05T00:30:00.000Z,2026-06-05T00:35:00.000Z,2026-06-05T01:00:00.000Z,3.3349992,3.2618759999999987,2939.1461758934047,9802.050145287563,0.7709,3.9208,210.9990,2.7924,-0.8558,2.9562,5,0.7136
short,sweep,tp,2026-06-05T05:00:00.000Z,2026-06-05T05:05:00.000Z,2026-06-05T05:55:00.000Z,3.279016,3.182163999999999,2311.93924106199,7580.885762470121,1.0246,3.0324,220.8836,2.8438,-0.8627,2.9473,10,0.7512
long,sweep,sl,2026-06-05T09:10:00.000Z,2026-06-05T09:15:00.000Z,2026-06-05T09:30:00.000Z,3.1099327,3.0619431414,1697.037575252178,5277.672648405459,1.5136,2.1111,-83.5512,-1.0459,-1.5494,0.2989,3,0.7935
long,sweep,sl,2026-06-05T14:05:00.000Z,2026-06-05T14:10:00.000Z,2026-06-05T15:40:00.000Z,3.0269077999999996,2.9222650574,761.7657750548782,2305.794766286656,3.4281,0.9223,-80.6356,-1.0201,-1.0014,0.4442,18,0.8006
long,sweep,sl,2026-06-05T16:10:00.000Z,2026-06-05T16:15:00.000Z,2026-06-05T18:30:00.000Z,2.9628886,2.8574145184,747.8629517965463,2215.8346142403366,3.5309,0.8863,-79.7665,-1.0195,-1.0313,0.5077,27,0.8500
short,sweep,sl,2026-06-05T20:30:00.000Z,2026-06-05T20:35:00.000Z,2026-06-05T20:50:00.000Z,2.9221231000000003,2.9537798682,2516.7029357096467,7354.115784274974,1.0530,2.9416,-82.6123,-1.0668,-1.3934,0.0365,3,0.7016
long,sweep,sl,2026-06-06T01:50:00.000Z,2026-06-06T01:55:00.000Z,2026-06-06T03:10:00.000Z,2.9648892,2.9392259676000005,3091.661868135983,9166.4348828882,0.8358,3.6666,-83.0086,-1.0834,-1.0044,1.6993,15,0.7305
long,sweep,sl,2026-06-06T03:10:00.000Z,2026-06-06T03:15:00.000Z,2026-06-06T03:20:00.000Z,2.9548862000000002,2.933239764,3649.440194974339,10783.680469854986,0.7028,4.3135,-83.3108,-1.0993,-1.3429,0.2463,1,0.8500
short,sweep,tp,2026-06-06T08:55:00.000Z,2026-06-06T09:00:00.000Z,2026-06-06T10:30:00.000Z,2.9791060000000003,2.883964,2277.7577499190033,6785.6817793302025,1.1046,2.7143,213.9962,2.8551,-0.5134,3.0118,18,0.8437
long,sweep,sl,2026-06-06T17:40:00.000Z,2026-06-06T17:45:00.000Z,2026-06-06T19:55:00.000Z,2.9258775,2.8963248418,2687.6726365382306,7863.800894612887,0.9803,3.1455,-82.5734,-1.0711,-1.0765,1.1548,26,0.7056
short,sigma,tp,2026-06-07T01:30:00.000Z,2026-06-07T01:35:00.000Z,2026-06-07T02:15:00.000Z,2.9971006000000004,2.955964000000001,5114.618624593115,15329.026548539201,0.4975,6.1316,204.2664,2.6783,-0.4627,3.2928,8,0.5547
short,sweep,sl,2026-06-07T06:20:00.000Z,2026-06-07T06:25:00.000Z,2026-06-07T06:25:00.000Z,2.9911024,3.0048971988,6073.461892542256,18166.346443091683,0.4311,7.2665,-91.0487,-1.1627,-1.4657,0.1631,0,0.7112
short,sweep,tp,2026-06-07T12:05:00.000Z,2026-06-07T12:10:00.000Z,2026-06-07T19:15:00.000Z,2.9781063000000003,2.873952000000001,2155.359165452317,6418.8887093962885,1.2058,2.5676,221.9224,2.8673,-0.6654,3.3447,85,0.8500
short,sweep,sl,2026-06-07T22:15:00.000Z,2026-06-07T22:20:00.000Z,2026-06-08T13:20:00.000Z,3.0080973,3.0750582408000002,1205.61920086354,3626.6198629457726,2.1954,1.4506,-82.1800,-1.0322,-1.0131,2.0457,180,0.8500
short,sweep,tp,2026-06-08T18:00:00.000Z,2026-06-08T18:05:00.000Z,2026-06-08T18:45:00.000Z,3.2560229,3.1472780000000005,2098.3599490095294,6832.30804641786,1.1533,2.7329,225.4530,2.8612,-0.0260,3.1696,8,0.7025
short,sweep,sl,2026-06-09T04:20:00.000Z,2026-06-09T04:25:00.000Z,2026-06-09T04:30:00.000Z,3.0080973,3.0289524132,4063.3415290377543,12222.926682476342,0.6631,4.8892,-89.6306,-1.1059,-2.2010,0.4561,1,0.7228
short,sweep,tp,2026-06-09T13:10:00.000Z,2026-06-09T13:15:00.000Z,2026-06-09T14:00:00.000Z,3.1340594999999998,3.0801179999999997,4167.196875143252,13060.242954913023,0.6137,5.2241,219.5608,2.7392,-0.2049,3.0185,9,0.7046
long,sweep,sl,2026-06-09T14:20:00.000Z,2026-06-09T14:25:00.000Z,2026-06-09T14:30:00.000Z,3.0629185999999997,3.0240305186,2168.2004977680635,6641.021633143059,1.2400,2.6564,-86.9736,-1.0562,-1.2880,0.1338,1,0.7556
long,sweep,sl,2026-06-09T14:30:00.000Z,2026-06-09T14:35:00.000Z,2026-06-09T14:45:00.000Z,3.0379110999999996,3.0070696083999997,2721.518688421129,8267.731832411988,0.9855,3.3071,-87.2428,-1.0707,-1.1327,0.2702,2,0.7490
short,sweep,sl,2026-06-10T00:05:00.000Z,2026-06-10T00:10:00.000Z,2026-06-10T00:10:00.000Z,3.1260619,3.1462215833999996,4194.7841799063135,13113.155003527872,0.6147,5.2453,-89.8108,-1.1142,-1.0896,0.1593,0,0.8500
short,sweep,sl,2026-06-10T11:00:00.000Z,2026-06-10T11:05:00.000Z,2026-06-10T12:30:00.000Z,2.9861039000000003,3.0500007258,1265.586324519211,3779.172259433482,2.1092,1.5117,-82.3786,-1.0335,-1.6655,0.3827,17,0.7211
short,sigma,sl,2026-06-10T15:55:00.000Z,2026-06-10T16:00:00.000Z,2026-06-10T16:00:00.000Z,3.3679893000000005,3.3837668256,5343.5684713053515,17997.081435173783,0.4383,7.1988,-91.5071,-1.1600,-1.6264,2.2346,0,0.5008
short,sweep,sl,2026-06-10T16:05:00.000Z,2026-06-10T16:10:00.000Z,2026-06-12T12:05:00.000Z,3.3130058,3.4308749537999996,667.3253474581718,2210.8527466159385,3.5267,0.8843,-79.5414,-1.0201,-1.1211,2.3965,527,0.8347
short,sweep,sl,2026-06-13T01:15:00.000Z,2026-06-13T01:20:00.000Z,2026-06-13T01:20:00.000Z,3.3859839000000003,3.4048151382,4333.216147632813,14672.200111104728,0.5260,5.8689,-87.4687,-1.1334,-1.0116,0.1114,0,0.7006
long,sweep,tp,2026-06-13T06:20:00.000Z,2026-06-13T06:25:00.000Z,2026-06-13T07:30:00.000Z,3.3410019999999996,3.401955999999999,3523.613459685511,11772.39961603621,0.6481,4.7090,210.0694,2.7532,-0.0925,6.2805,13,0.8500
short,sweep,tp,2026-06-13T16:15:00.000Z,2026-06-13T16:20:00.000Z,2026-06-14T01:50:00.000Z,3.4229728,3.2862219999999995,1669.7694641852015,5715.5754581765195,1.3717,2.2862,226.0561,2.8833,-0.2775,4.1099,114,0.7747
long,sweep,sl,2026-06-14T04:45:00.000Z,2026-06-14T04:50:00.000Z,2026-06-14T14:35:00.000Z,3.2869858,3.2624809619999997,3428.643463957691,11269.902379291741,0.7157,4.5080,-88.5263,-1.0975,-1.9972,2.2534,117,0.8500
short,sweep,tp,2026-06-15T10:40:00.000Z,2026-06-15T10:45:00.000Z,2026-06-15T10:55:00.000Z,3.6339095,3.586135999999999,4590.518011820313,16681.52701307495,0.4782,6.6726,212.6325,2.6654,-0.4080,2.9870,2,0.7589
long,sweep,sl,2026-06-15T14:10:00.000Z,2026-06-15T14:15:00.000Z,2026-06-15T15:20:00.000Z,3.5440629,3.5178923156,3261.1175948438317,11557.605880423256,0.7086,4.6230,-89.9684,-1.0985,-1.1572,1.3513,13,0.7151
long,sweep,sl,2026-06-15T19:00:00.000Z,2026-06-15T19:05:00.000Z,2026-06-15T19:15:00.000Z,3.4590374,3.4310923634000003,3009.5394579564204,10410.109541846987,0.7781,4.1640,-88.2657,-1.0897,-2.7136,0.0000,2,0.7852
short,sweep,tp,2026-06-15T22:20:00.000Z,2026-06-15T22:25:00.000Z,2026-06-15T22:45:00.000Z,3.4399677,3.3391919999999993,2291.2266534402715,7881.745681213628,1.0165,3.1527,227.7473,2.8426,-0.0295,4.1457,4,0.8500
short,sweep,tp,2026-06-16T10:50:00.000Z,2026-06-16T10:55:00.000Z,2026-06-16T14:25:00.000Z,3.5489349999999997,3.3814059999999992,1438.9356775118547,5106.689188670533,1.6135,2.0427,239.0208,2.9008,-0.3155,3.1248,42,0.7171
long,sweep,sl,2026-06-17T18:05:00.000Z,2026-06-17T18:10:00.000Z,2026-06-17T19:25:00.000Z,3.3259975,3.2544993572,1202.2997454079323,3998.8459474774195,2.1203,1.5995,-87.5617,-1.0327,-1.2336,0.6523,15,0.8500
long,sweep,sl,2026-06-17T20:45:00.000Z,2026-06-17T20:50:00.000Z,2026-06-17T21:40:00.000Z,3.2189653999999996,3.1846603152,2516.158135472935,8099.425979015889,1.0360,3.2398,-89.5568,-1.0673,-1.4982,0.4808,10,0.8378
short,sweep,sl,2026-06-19T00:05:00.000Z,2026-06-19T00:10:00.000Z,2026-06-19T00:15:00.000Z,3.0650802,3.0780651426000003,6882.620855688802,21095.784908878806,0.3935,8.4383,-97.8088,-1.1782,-1.4857,0.1725,1,0.8044
short,sweep,sl,2026-06-19T13:05:00.000Z,2026-06-19T13:10:00.000Z,2026-06-19T13:20:00.000Z,3.1680493000000003,3.1993435152000003,2704.450966385874,8567.833990943092,0.9575,3.4271,-88.0608,-1.0734,-1.8444,0.1005,2,0.7012
short,sweep,sl,2026-06-19T13:50:00.000Z,2026-06-19T13:55:00.000Z,2026-06-19T13:55:00.000Z,3.2850142,3.302580477,4896.1800147602235,16084.020874243544,0.5046,6.4336,-92.4413,-1.1390,-1.7487,0.0000,0,0.7286
short,sweep,tp,2026-06-19T21:00:00.000Z,2026-06-19T21:05:00.000Z,2026-06-20T10:20:00.000Z,3.5969206,3.332926,897.0932525023567,3226.773200046728,2.4865,1.2907,235.5371,2.9356,-0.2469,3.0739,159,0.7092
long,sweep,sl,2026-06-20T12:45:00.000Z,2026-06-20T12:50:00.000Z,2026-06-20T13:20:00.000Z,3.3219963,3.29241198,2888.1029612965303,9594.267351446117,0.8608,3.8377,-89.2803,-1.0810,-2.6226,0.8394,6,0.7921
long,sweep,sl,2026-06-21T15:00:00.000Z,2026-06-21T15:05:00.000Z,2026-06-21T16:05:00.000Z,3.3400016999999997,3.312365992,3066.4805932324066,10242.050394413245,0.7977,4.0968,-88.8412,-1.0875,-1.3138,0.7882,12,0.7904
short,sweep,sl,2026-06-22T12:45:00.000Z,2026-06-22T12:50:00.000Z,2026-06-22T13:35:00.000Z,3.3409974,3.3647231142000003,3557.215613098717,11884.64811460222,0.6799,4.7539,-89.1513,-1.1033,-1.5408,0.4841,9,0.8500
long,sweep,sl,2026-06-22T14:30:00.000Z,2026-06-22T14:35:00.000Z,2026-06-22T15:55:00.000Z,3.3400016999999997,3.3033866866,2243.347288300193,7492.783756613035,1.0666,2.9971,-85.1373,-1.0653,-1.0948,1.2632,16,0.7806
long,sweep,sl,2026-06-22T20:25:00.000Z,2026-06-22T20:30:00.000Z,2026-06-22T22:25:00.000Z,3.2619783,3.2445223511999997,4796.961452526162,15647.584164076821,0.5053,6.2590,-89.9945,-1.1382,-3.0929,1.0934,23,0.7200
long,sweep,eod,2026-06-23T13:30:00.000Z,2026-06-23T13:35:00.000Z,2026-06-23T14:10:00.000Z,3.1449432,3.1410574,1470.9482317612556,4626.048639029585,1.6897,1.8504,-7.5662,-0.0968,-0.2812,0.2081,7,0.8500